periodo_tempo;temperatura_max;temperatura_min
01/01/10;28,6;19,6
02/01/10;26,0;19,2
03/01/10;27,5;18,9
04/01/10;28,0;18,8
05/01/10;27,2;18,8
06/01/10;27,3;18,7
07/01/10;27,0;19,0
08/01/10;27,0;19,8
09/01/10;27,1;19,0
10/01/10;26,7;19,4
11/01/10;27,8;18,8
12/01/10;25,2;18,7
13/01/10;28,1;18,8
14/01/10;27,8;18,8
15/01/10;29,0;18,1
16/01/10;25,6;18,6
17/01/10;27,0;18,6
18/01/10;27,2;18,5
19/01/10;26,1;18,7
20/01/10;28,6;18,2
21/01/10;26,6;19,1
22/01/10;30,1;19,1
23/01/10;26,8;19,0
24/01/10;28,2;19,4
25/01/10;28,0;19,3
26/01/10;28,4;19,7
27/01/10;28,3;19,6
28/01/10;28,5;19,5
29/01/10;29,3;19,1
30/01/10;30,1;20,0
31/01/10;29,5;19,5
01/02/10;30,1;20,5
02/02/10;26,7;19,9
03/02/10;28,7;20,1
04/02/10;28,0;20,0
05/02/10;27,9;19,6
06/02/10;27,5;19,5
07/02/10;26,5;19,1
08/02/10;26,0;18,2
09/02/10;27,5;17,8
10/02/10;27,5;16,9
11/02/10;29,1;18,2
12/02/10;27,2;19,2
13/02/10;28,0;18,3
14/02/10;28,5;17,9
15/02/10;26,6;19,4
16/02/10;28,2;18,8
17/02/10;29,0;17,8
18/02/10;29,2;18,5
19/02/10;26,5;19,0
20/02/10;23,9;18,3
21/02/10;29,2;19,0
22/02/10;30,5;17,6
23/02/10;29,0;19,3
24/02/10;28,6;20,0
25/02/10;28,9;20,0
26/02/10;29,1;19,9
27/02/10;28,9;20,2
28/02/10;27,8;19,3
01/03/10;30,5;18,3
02/03/10;28,7;20,2
03/03/10;27,9;18,1
04/03/10;27,5;18,4
05/03/10;27,0;18,2
06/03/10;28,0;17,2
07/03/10;26,8;19,0
08/03/10;27,0;18,2
09/03/10;28,7;16,9
10/03/10;27,8;18,4
11/03/10;29,0;18,5
12/03/10;29,7;18,9
13/03/10;28,9;19,5
14/03/10;29,6;19,8
15/03/10;29,7;20,5
16/03/10;29,0;20,5
17/03/10;28,6;21,0
18/03/10;28,7;20,0
19/03/10;28,6;21,4
20/03/10;28,2;20,6
21/03/10;28,9;20,5
22/03/10;30,6;20,3
23/03/10;27,9;20,9
24/03/10;28,4;20,8
25/03/10;29,0;20,6
26/03/10;29,5;19,9
27/03/10;26,9;20,4
28/03/10;28,5;19,3
29/03/10;27,5;19,8
30/03/10;29,5;20,1
31/03/10;27,9;19,1
01/04/10;28,2;19,9
02/04/10;27,9;19,5
03/04/10;27,6;19,7
04/04/10;27,7;20,0
05/04/10;26,0;19,1
06/04/10;25,9;19,1
07/04/10;24,9;18,1
08/04/10;28,8;16,3
09/04/10;29,8;17,2
10/04/10;26,9;19,5
11/04/10;28,0;18,3
12/04/10;26,6;19,0
13/04/10;28,9;18,9
14/04/10;28,8;18,9
15/04/10;28,2;19,6
16/04/10;27,4;19,9
17/04/10;29,0;19,4
18/04/10;29,6;20,2
19/04/10;25,1;20,0
20/04/10;28,4;19,2
21/04/10;26,5;19,1
22/04/10;27,6;19,6
23/04/10;29,1;19,7
24/04/10;26,1;19,4
25/04/10;25,4;19,2
26/04/10;25,4;19,5
27/04/10;28,4;18,2
28/04/10;27,7;19,5
29/04/10;26,9;18,6
30/04/10;26,8;17,8
01/05/10;27,2;17,0
02/05/10;28,9;18,0
03/05/10;27,3;18,9
04/05/10;26,8;18,5
05/05/10;27,7;18,4
06/05/10;28,4;17,0
07/05/10;27,8;18,8
08/05/10;26,8;19,2
09/05/10;26,4;18,7
10/05/10;27,8;18,5
11/05/10;28,5;19,0
12/05/10;27,8;19,1
13/05/10;27,6;18,4
14/05/10;29,6;19,4
15/05/10;28,8;19,6
16/05/10;28,8;19,9
17/05/10;28,1;19,1
18/05/10;28,9;19,2
19/05/10;28,2;19,0
20/05/10;30,0;17,4
21/05/10;29,0;19,2
22/05/10;29,6;18,0
23/05/10;28,0;18,0
24/05/10;28,7;16,9
25/05/10;30,0;15,8
26/05/10;28,8;17,6
27/05/10;28,3;16,2
28/05/10;28,9;15,9
29/05/10;27,8;17,8
30/05/10;27,5;16,6
31/05/10;27,2;16,2
01/06/10;27,9;16,1
02/06/10;29,5;14,6
03/06/10;28,6;16,2
04/06/10;27,9;16,5
05/06/10;26,9;16,4
06/06/10;30,0;15,1
07/06/10;29,0;15,9
08/06/10;29,0;17,2
09/06/10;29,0;17,6
10/06/10;29,8;16,5
11/06/10;30,5;16,4
12/06/10;31,3;16,8
13/06/10;31,8;15,4
14/06/10;31,7;14,1
15/06/10;30,6;13,8
16/06/10;30,4;10,9
17/06/10;28,7;14,9
18/06/10;27,8;14,1
19/06/10;26,5;14,1
20/06/10;28,7;14,4
21/06/10;28,0;16,5
22/06/10;28,8;16,5
23/06/10;30,3;16,4
24/06/10;30,0;16,2
25/06/10;30,8;15,9
26/06/10;32,1;16,4
27/06/10;32,2;15,2
28/06/10;31,5;17,3
29/06/10;31,4;17,5
30/06/10;31,9;17,1
01/07/10;32,3;17,0
02/07/10;31,0;17,2
03/07/10;29,5;16,6
04/07/10;29,8;15,4
05/07/10;29,2;16,0
06/07/10;28,6;17,3
07/07/10;31,0;14,7
08/07/10;31,9;13,9
09/07/10;31,8;16,0
10/07/10;31,5;15,1
11/07/10;32,5;12,9
12/07/10;32,5;15,8
13/07/10;32,7;15,4
14/07/10;31,8;16,1
15/07/10;29,9;16,6
16/07/10;31,0;16,0
17/07/10;31,9;15,9
18/07/10;31,0;14,1
19/07/10;28,0;15,9
20/07/10;27,7;15,4
21/07/10;27,7;14,5
22/07/10;27,4;14,7
23/07/10;29,1;14,4
24/07/10;32,2;14,0
25/07/10;28,8;16,0
26/07/10;27,6;15,9
27/07/10;28,1;15,9
28/07/10;27,7;15,8
29/07/10;28,4;15,7
30/07/10;26,8;15,9
31/07/10;27,8;15,4
01/08/10;28,8;15,1
02/08/10;30,1;15,6
03/08/10;31,4;15,2
04/08/10;30,8;16,5
05/08/10;31,0;17,0
06/08/10;30,2;17,0
07/08/10;28,4;16,5
08/08/10;25,4;14,9
09/08/10;26,0;14,1
10/08/10;27,5;14,1
11/08/10;28,1;15,2
12/08/10;30,1;15,1
13/08/10;29,5;14,9
14/08/10;28,7;15,1
15/08/10;28,5;15,4
16/08/10;29,2;15,8
17/08/10;29,4;16,0
18/08/10;30,5;16,1
19/08/10;29,7;16,8
20/08/10;27,2;16,5
21/08/10;26,9;15,9
22/08/10;26,8;15,4
23/08/10;28,6;13,9
24/08/10;28,5;15,8
25/08/10;27,3;15,8
26/08/10;28,2;15,4
27/08/10;28,5;15,1
28/08/10;28,2;15,6
29/08/10;28,9;15,6
30/08/10;29,9;15,4
31/08/10;29,8;15,6
01/09/10;31,3;15,8
02/09/10;31,2;16,8
03/09/10;29,4;16,5
04/09/10;29,4;17,1
05/09/10;29,3;17,2
06/09/10;29,5;17,5
07/09/10;29,0;17,9
08/09/10;27,9;17,9
09/09/10;28,5;17,3
10/09/10;29,5;17,2
11/09/10;29,5;17,0
12/09/10;29,0;17,2
13/09/10;29,1;17,4
14/09/10;28,5;17,0
15/09/10;28,6;17,0
16/09/10;29,0;16,9
17/09/10;29,4;17,0
18/09/10;31,5;17,0
19/09/10;30,5;17,0
20/09/10;30,7;17,2
21/09/10;30,8;17,6
22/09/10;29,5;18,1
23/09/10;30,1;18,1
24/09/10;31,1;18,0
25/09/10;31,6;18,0
26/09/10;31,5;18,0
27/09/10;31,7;17,7
28/09/10;31,0;18,1
29/09/10;30,0;18,3
30/09/10;29,4;18,6
01/10/10;28,8;18,6
02/10/10;27,4;18,1
03/10/10;29,5;18,0
04/10/10;31,3;17,8
05/10/10;31,0;17,8
06/10/10;31,7;17,6
07/10/10;29,7;17,5
08/10/10;31,6;18,1
09/10/10;33,2;18,4
10/10/10;30,8;18,1
11/10/10;31,4;18,9
12/10/10;32,4;19,0
13/10/10;31,4;19,2
14/10/10;30,0;19,6
15/10/10;31,9;19,4
16/10/10;29,3;19,1
17/10/10;30,3;18,8
18/10/10;25,2;19,3
19/10/10;26,3;18,9
20/10/10;26,6;18,6
21/10/10;29,3;19,4
22/10/10;32,3;18,7
23/10/10;30,8;18,5
24/10/10;28,1;18,7
25/10/10;28,2;18,9
26/10/10;29,9;18,6
27/10/10;29,6;18,5
28/10/10;30,8;19,1
29/10/10;30,5;18,5
30/10/10;30,2;17,9
31/10/10;28,7;18,4
01/11/10;29,6;19,4
02/11/10;29,0;19,0
03/11/10;28,1;19,8
04/11/10;28,6;19,6
05/11/10;28,1;19,5
06/11/10;28,3;18,6
07/11/10;29,6;19,0
08/11/10;28,8;19,5
09/11/10;29,2;19,5
10/11/10;27,0;19,7
11/11/10;25,6;19,5
12/11/10;25,5;19,8
13/11/10;25,8;18,3
14/11/10;26,5;18,3
15/11/10;28,7;18,1
16/11/10;26,9;17,9
17/11/10;27,0;17,7
18/11/10;27,9;17,1
19/11/10;28,5;15,6
20/11/10;28,5;15,4
21/11/10;29,4;16,5
22/11/10;30,1;15,9
23/11/10;30,6;14,5
24/11/10;31,5;15,5
25/11/10;29,9;18,4
26/11/10;27,0;18,9
27/11/10;26,0;18,3
28/11/10;27,4;17,7
29/11/10;31,1;17,3
30/11/10;32,0;18,4
01/12/10;29,9;18,5
02/12/10;27,2;18,1
03/12/10;32,2;17,8
04/12/10;31,5;18,9
05/12/10;29,8;18,6
06/12/10;31,0;18,8
07/12/10;28,5;19,7
08/12/10;27,7;19,6
09/12/10;26,5;19,5
10/12/10;27,9;19,1
11/12/10;26,6;19,3
12/12/10;26,8;18,9
13/12/10;27,2;18,9
14/12/10;28,0;18,5
15/12/10;28,7;18,1
16/12/10;28,2;17,6
17/12/10;27,0;18,0
18/12/10;28,0;17,5
19/12/10;29,2;17,9
20/12/10;30,0;18,8
21/12/10;28,4;19,3
22/12/10;29,7;18,2
23/12/10;30,5;17,4
24/12/10;29,7;19,2
25/12/10;24,9;18,4
26/12/10;30,5;18,4
27/12/10;29,5;18,5
28/12/10;29,4;19,5
29/12/10;27,3;20,0
30/12/10;28,9;19,5
31/12/10;28,5;19,4
01/01/11;28,9;18,6
02/01/11;26,9;17,7
03/01/11;27,4;17,7
04/01/11;28,0;18,5
05/01/11;28,9;18,5
06/01/11;28,7;19,0
07/01/11;31,2;18,2
08/01/11;30,1;18,7
09/01/11;26,8;19,4
10/01/11;31,1;19,5
11/01/11;31,6;18,1
12/01/11;30,0;18,1
13/01/11;30,2;18,7
14/01/11;31,4;18,6
15/01/11;28,6;19,0
16/01/11;27,0;19,5
17/01/11;30,9;19,5
18/01/11;29,5;19,7
19/01/11;26,5;19,1
20/01/11;28,9;19,0
21/01/11;29,4;18,3
22/01/11;30,0;18,2
23/01/11;29,8;17,2
24/01/11;29,6;18,9
25/01/11;27,4;19,0
26/01/11;26,9;18,5
27/01/11;29,9;17,8
28/01/11;31,6;18,0
29/01/11;27,1;19,2
30/01/11;28,8;18,9
31/01/11;29,6;18,6
01/02/11;29,3;19,5
02/02/11;29,5;18,5
03/02/11;27,8;19,0
04/02/11;27,4;18,1
05/02/11;26,2;18,7
06/02/11;28,8;17,9
07/02/11;28,0;18,7
08/02/11;28,5;18,8
09/02/11;28,1;18,6
10/02/11;27,0;17,5
11/02/11;29,0;17,5
12/02/11;29,5;17,8
13/02/11;30,1;19,1
14/02/11;29,1;18,4
15/02/11;28,8;19,8
16/02/11;30,4;19,6
17/02/11;31,0;17,4
18/02/11;30,1;19,5
19/02/11;24,0;18,6
20/02/11;29,4;18,0
21/02/11;29,9;18,0
22/02/11;29,8;19,6
23/02/11;25,5;18,6
24/02/11;28,3;18,6
25/02/11;28,1;18,8
26/02/11;28,9;18,4
27/02/11;29,5;17,5
28/02/11;30,1;18,4
01/03/11;29,0;18,5
02/03/11;29,0;19,7
03/03/11;27,4;19,6
04/03/11;27,1;19,3
05/03/11;25,6;19,3
06/03/11;28,3;19,1
07/03/11;27,0;19,0
08/03/11;26,5;19,0
09/03/11;28,7;18,2
10/03/11;29,5;20,0
11/03/11;28,5;19,0
12/03/11;28,2;18,9
13/03/11;28,4;18,0
14/03/11;27,4;18,5
15/03/11;24,6;18,5
16/03/11;28,5;17,5
17/03/11;28,4;17,8
18/03/11;28,0;18,6
19/03/11;26,9;18,8
20/03/11;27,1;18,6
21/03/11;27,2;18,2
22/03/11;26,6;19,1
23/03/11;29,2;18,4
24/03/11;26,4;19,4
25/03/11;27,6;19,3
26/03/11;24,4;18,8
27/03/11;25,1;18,6
28/03/11;27,6;17,9
29/03/11;24,2;18,6
30/03/11;26,2;18,2
31/03/11;27,1;17,6
01/04/11;27,1;17,5
02/04/11;28,4;18,2
03/04/11;27,5;18,0
04/04/11;28,6;19,0
05/04/11;27,9;18,5
06/04/11;28,8;18,8
07/04/11;28,0;19,0
08/04/11;27,5;17,5
09/04/11;28,0;18,3
10/04/11;28,9;18,3
11/04/11;28,0;19,2
12/04/11;27,6;19,6
13/04/11;29,0;18,9
14/04/11;29,3;17,8
15/04/11;27,4;18,5
16/04/11;26,7;18,0
17/04/11;28,8;18,1
18/04/11;28,8;19,5
19/04/11;27,9;19,2
20/04/11;29,0;18,9
21/04/11;27,9;19,1
22/04/11;29,0;18,9
23/04/11;27,3;19,4
24/04/11;28,4;18,4
25/04/11;27,2;18,5
26/04/11;25,8;19,0
27/04/11;28,1;19,4
28/04/11;27,4;19,4
29/04/11;25,3;18,4
30/04/11;23,2;18,0
01/05/11;25,4;18,2
02/05/11;26,5;18,0
03/05/11;27,9;17,5
04/05/11;27,8;18,0
05/05/11;27,5;18,5
06/05/11;28,7;18,8
07/05/11;29,0;18,6
08/05/11;29,6;18,5
09/05/11;28,3;19,5
10/05/11;29,0;18,5
11/05/11;29,8;19,2
12/05/11;28,0;18,8
13/05/11;28,2;18,8
14/05/11;28,5;19,1
15/05/11;29,4;19,4
16/05/11;26,9;18,4
17/05/11;28,6;18,0
18/05/11;28,1;19,2
19/05/11;27,9;18,4
20/05/11;28,3;18,0
21/05/11;27,1;18,1
22/05/11;26,6;18,0
23/05/11;27,8;17,5
24/05/11;30,1;17,8
25/05/11;30,5;17,3
26/05/11;30,8;15,6
27/05/11;30,3;16,8
28/05/11;31,4;16,5
29/05/11;31,0;17,6
30/05/11;31,0;17,2
31/05/11;30,6;17,6
01/06/11;30,1;16,7
02/06/11;29,9;15,9
03/06/11;30,6;15,6
04/06/11;31,1;15,9
05/06/11;30,5;14,4
06/06/11;30,8;14,1
07/06/11;30,5;15,9
08/06/11;30,3;16,3
09/06/11;30,0;15,6
10/06/11;29,4;16,6
11/06/11;31,0;15,9
12/06/11;31,1;17,0
13/06/11;31,7;17,0
14/06/11;30,1;15,9
15/06/11;28,9;16,8
16/06/11;28,8;15,9
17/06/11;28,8;15,6
18/06/11;28,3;14,4
19/06/11;29,2;14,4
20/06/11;29,6;15,4
21/06/11;29,7;14,1
22/06/11;29,1;15,6
23/06/11;30,0;14,9
24/06/11;30,0;15,2
25/06/11;30,9;14,6
26/06/11;30,4;16,0
27/06/11;31,0;15,4
28/06/11;28,2;15,6
29/06/11;29,5;14,6
30/06/11;29,6;15,1
01/07/11;30,8;14,6
02/07/11;30,6;13,7
03/07/11;30,1;13,2
04/07/11;28,6;15,1
05/07/11;27,4;14,1
06/07/11;26,8;13,9
07/07/11;26,0;13,9
08/07/11;26,4;13,9
09/07/11;25,4;13,6
10/07/11;25,5;13,3
11/07/11;24,4;12,4
12/07/11;25,4;13,2
13/07/11;29,0;13,1
14/07/11;29,2;13,5
15/07/11;30,8;14,8
16/07/11;31,1;14,4
17/07/11;29,6;14,9
18/07/11;30,1;13,9
19/07/11;29,6;15,1
20/07/11;31,1;14,4
21/07/11;31,2;15,6
22/07/11;29,4;15,1
23/07/11;30,5;15,9
24/07/11;33,2;15,9
25/07/11;33,0;15,7
26/07/11;32,2;15,9
27/07/11;29,5;16,1
28/07/11;28,8;16,5
29/07/11;28,5;15,9
30/07/11;27,9;14,9
31/07/11;28,2;12,5
01/08/11;28,4;13,8
02/08/11;28,5;13,4
03/08/11;27,7;14,5
04/08/11;28,6;14,1
05/08/11;28,1;14,6
06/08/11;27,8;15,5
07/08/11;28,6;14,1
08/08/11;26,9;15,1
09/08/11;26,6;14,8
10/08/11;26,1;15,1
11/08/11;27,0;14,3
12/08/11;26,6;14,1
13/08/11;27,0;13,9
14/08/11;28,8;13,9
15/08/11;29,7;16,0
16/08/11;30,1;16,0
17/08/11;29,0;15,9
18/08/11;29,5;16,4
19/08/11;29,5;15,4
20/08/11;29,3;17,1
21/08/11;28,4;17,2
22/08/11;27,9;17,2
23/08/11;29,6;15,8
24/08/11;29,6;16,2
25/08/11;31,2;16,6
26/08/11;31,1;16,4
27/08/11;28,6;16,0
28/08/11;27,9;15,9
29/08/11;25,9;15,7
30/08/11;25,8;15,2
31/08/11;27,1;14,9
01/09/11;27,5;15,9
02/09/11;28,5;17,0
03/09/11;30,0;17,0
04/09/11;29,8;16,9
05/09/11;30,5;16,8
06/09/11;30,5;17,2
07/09/11;29,9;17,3
08/09/11;29,9;17,7
09/09/11;30,4;17,5
10/09/11;30,1;17,7
11/09/11;29,9;17,3
12/09/11;29,5;17,2
13/09/11;29,5;16,2
14/09/11;31,4;15,8
15/09/11;31,1;15,8
16/09/11;30,2;16,9
17/09/11;29,7;16,5
18/09/11;30,0;17,0
19/09/11;31,0;16,0
20/09/11;31,9;15,9
21/09/11;32,5;16,5
22/09/11;33,8;17,1
23/09/11;33,5;16,6
24/09/11;33,2;17,5
25/09/11;33,0;18,2
26/09/11;31,5;18,3
27/09/11;30,5;18,5
28/09/11;29,6;18,3
29/09/11;27,8;18,4
30/09/11;28,5;18,5
01/10/11;27,4;18,0
02/10/11;28,5;17,9
03/10/11;29,5;17,8
04/10/11;27,9;17,5
05/10/11;27,9;17,8
06/10/11;29,4;18,0
07/10/11;30,9;17,0
08/10/11;30,4;17,3
09/10/11;30,9;18,2
10/10/11;30,9;18,0
11/10/11;28,9;17,5
12/10/11;29,3;17,8
13/10/11;29,0;17,8
14/10/11;30,9;17,6
15/10/11;29,1;18,8
16/10/11;28,0;19,0
17/10/11;27,0;18,5
18/10/11;26,5;18,5
19/10/11;29,3;18,4
20/10/11;30,1;19,0
21/10/11;28,9;18,6
22/10/11;26,8;18,9
23/10/11;26,6;18,0
24/10/11;28,1;17,9
25/10/11;26,5;17,8
26/10/11;29,5;17,7
27/10/11;28,0;18,6
28/10/11;24,5;17,0
29/10/11;25,0;16,8
30/10/11;23,9;18,0
31/10/11;21,7;17,1
01/11/11;27,4;17,0
02/11/11;24,2;18,0
03/11/11;26,0;17,6
04/11/11;29,0;17,1
05/11/11;29,1;18,5
06/11/11;24,5;18,2
07/11/11;27,5;17,3
08/11/11;29,8;18,0
09/11/11;26,0;17,8
10/11/11;24,2;18,0
11/11/11;27,6;18,0
12/11/11;28,5;17,6
13/11/11;29,2;17,2
14/11/11;29,0;18,2
15/11/11;29,0;18,0
16/11/11;28,8;17,7
17/11/11;29,0;17,1
18/11/11;28,8;17,6
19/11/11;28,6;17,8
20/11/11;29,8;17,6
21/11/11;31,0;18,6
22/11/11;28,4;19,6
23/11/11;26,2;19,8
24/11/11;28,0;19,0
25/11/11;26,6;18,8
26/11/11;27,4;18,5
27/11/11;29,9;17,9
28/11/11;29,9;17,4
29/11/11;28,8;18,6
30/11/11;28,3;18,5
01/12/11;28,5;17,8
02/12/11;28,5;19,4
03/12/11;25,5;18,7
04/12/11;23,2;18,2
05/12/11;26,6;17,9
06/12/11;27,9;18,1
07/12/11;27,2;18,5
08/12/11;28,5;18,1
09/12/11;27,1;18,0
10/12/11;28,9;17,3
11/12/11;27,0;18,2
12/12/11;27,8;18,2
13/12/11;26,5;18,8
14/12/11;26,2;18,5
15/12/11;27,4;18,6
16/12/11;28,7;18,4
17/12/11;28,1;17,8
18/12/11;28,0;17,0
19/12/11;27,9;16,5
20/12/11;29,2;16,0
21/12/11;30,4;15,8
22/12/11;29,5;17,1
23/12/11;28,8;17,4
24/12/11;29,2;17,3
25/12/11;29,5;17,9
26/12/11;29,4;17,0
27/12/11;30,0;17,1
28/12/11;30,5;15,9
29/12/11;29,9;14,9
30/12/11;29,9;15,0
31/12/11;29,9;17,5
01/01/12;30,9;16,9
02/01/12;30,7;17,2
03/01/12;31,1;17,9
04/01/12;31,0;17,8
05/01/12;29,5;18,4
06/01/12;27,6;18,1
07/01/12;30,0;17,6
08/01/12;30,2;17,9
09/01/12;31,1;17,5
10/01/12;29,9;18,1
11/01/12;28,2;18,5
12/01/12;27,4;17,5
13/01/12;26,2;17,5
14/01/12;27,9;18,5
15/01/12;28,6;18,0
16/01/12;28,2;17,4
17/01/12;30,0;17,2
18/01/12;29,5;17,5
19/01/12;30,0;17,0
20/01/12;27,0;18,3
21/01/12;28,0;18,9
22/01/12;29,0;19,1
23/01/12;27,9;18,4
24/01/12;28,0;17,8
25/01/12;26,1;18,3
26/01/12;28,9;18,0
27/01/12;30,2;18,0
28/01/12;29,6;15,9
29/01/12;29,6;15,4
30/01/12;30,5;15,5
31/01/12;30,2;18,1
01/02/12;28,2;19,1
02/02/12;28,8;18,8
03/02/12;27,5;18,6
04/02/12;25,5;18,0
05/02/12;27,6;18,0
06/02/12;28,7;18,5
07/02/12;29,5;16,5
08/02/12;27,6;18,2
09/02/12;28,4;18,0
10/02/12;28,8;19,3
11/02/12;30,0;18,8
12/02/12;29,0;17,8
13/02/12;30,8;18,0
14/02/12;28,5;18,5
15/02/12;29,4;17,4
16/02/12;26,4;18,9
17/02/12;26,6;19,3
18/02/12;25,2;18,5
19/02/12;27,9;18,8
20/02/12;31,4;17,6
21/02/12;29,5;18,7
22/02/12;30,4;19,1
23/02/12;26,5;17,9
24/02/12;29,6;19,0
25/02/12;29,2;19,0
26/02/12;29,8;18,5
27/02/12;31,9;17,8
28/02/12;32,1;18,4
29/02/12;31,8;18,5
01/03/12;32,0;18,1
02/03/12;32,0;18,2
03/03/12;32,7;18,0
04/03/12;32,7;16,6
05/03/12;32,2;18,6
06/03/12;30,6;19,9
07/03/12;31,1;20,2
08/03/12;31,2;19,9
09/03/12;32,9;18,8
10/03/12;33,2;21,5
11/03/12;33,8;20,5
12/03/12;27,6;20,5
13/03/12;28,0;19,1
14/03/12;31,1;18,1
15/03/12;32,0;18,8
16/03/12;28,3;19,9
17/03/12;29,8;19,4
18/03/12;30,1;19,3
19/03/12;30,8;18,4
20/03/12;32,0;17,0
21/03/12;31,2;19,6
22/03/12;30,5;20,3
23/03/12;31,9;20,5
24/03/12;31,5;20,9
25/03/12;32,1;19,6
26/03/12;29,7;19,8
27/03/12;29,1;18,9
28/03/12;28,3;19,0
29/03/12;26,2;19,3
30/03/12;29,1;19,6
31/03/12;26,8;19,5
01/04/12;25,4;20,0
02/04/12;27,7;18,9
03/04/12;29,0;17,8
04/04/12;29,0;17,8
05/04/12;27,6;20,6
06/04/12;26,1;20,3
07/04/12;28,4;20,0
08/04/12;29,4;18,0
09/04/12;29,6;18,2
10/04/12;29,5;17,4
11/04/12;28,2;18,5
12/04/12;28,8;18,4
13/04/12;28,6;18,4
14/04/12;28,1;19,0
15/04/12;28,6;17,9
16/04/12;28,6;18,0
17/04/12;30,2;16,5
18/04/12;29,0;19,2
19/04/12;27,6;18,9
20/04/12;30,0;18,3
21/04/12;30,1;19,0
22/04/12;28,9;18,5
23/04/12;28,4;20,0
24/04/12;28,6;18,9
25/04/12;28,0;19,4
26/04/12;28,7;19,0
27/04/12;29,2;18,5
28/04/12;28,5;19,2
29/04/12;27,8;19,3
30/04/12;29,0;19,2
01/05/12;29,4;18,7
02/05/12;29,8;19,2
03/05/12;28,9;19,9
04/05/12;28,5;19,8
05/05/12;28,4;19,6
06/05/12;29,7;18,6
07/05/12;30,0;18,1
08/05/12;30,9;16,3
09/05/12;31,1;18,4
10/05/12;31,1;19,6
11/05/12;30,9;19,3
12/05/12;30,1;19,0
13/05/12;30,6;18,7
14/05/12;29,9;20,1
15/05/12;27,2;19,0
16/05/12;27,5;18,8
17/05/12;27,5;18,3
18/05/12;29,9;17,5
19/05/12;27,0;17,8
20/05/12;28,4;17,5
21/05/12;28,4;17,4
22/05/12;28,5;17,5
23/05/12;27,5;18,0
24/05/12;28,9;17,7
25/05/12;29,5;17,8
26/05/12;30,7;17,7
27/05/12;27,0;18,0
28/05/12;27,1;17,7
29/05/12;29,8;17,0
30/05/12;31,1;17,9
31/05/12;31,4;17,7
01/06/12;31,7;16,8
02/06/12;30,8;15,9
03/06/12;32,0;14,1
04/06/12;33,0;14,9
05/06/12;33,4;13,8
06/06/12;32,7;15,1
07/06/12;32,3;13,3
08/06/12;32,4;14,4
09/06/12;31,3;16,6
10/06/12;30,1;17,0
11/06/12;29,0;16,8
12/06/12;29,0;16,2
13/06/12;29,5;15,4
14/06/12;29,4;14,6
15/06/12;30,1;15,4
16/06/12;29,5;16,6
17/06/12;29,7;16,9
18/06/12;31,1;17,2
19/06/12;31,2;17,4
20/06/12;29,4;17,0
21/06/12;31,1;16,9
22/06/12;32,6;16,2
23/06/12;31,9;17,0
24/06/12;31,0;15,8
25/06/12;31,9;15,6
26/06/12;32,8;14,6
27/06/12;32,9;14,6
28/06/12;32,0;16,3
29/06/12;31,5;15,8
30/06/12;30,7;17,4
01/07/12;29,3;16,4
02/07/12;29,5;15,9
03/07/12;28,8;16,0
04/07/12;28,7;15,3
05/07/12;30,3;17,0
06/07/12;31,0;16,9
07/07/12;28,9;17,0
08/07/12;29,6;17,5
09/07/12;27,4;17,8
10/07/12;28,4;17,0
11/07/12;28,5;16,2
12/07/12;28,5;16,1
13/07/12;29,3;16,2
14/07/12;29,5;14,4
15/07/12;30,2;16,2
16/07/12;31,2;15,9
17/07/12;29,5;16,2
18/07/12;30,8;13,8
19/07/12;28,5;15,9
20/07/12;29,6;15,4
21/07/12;29,0;14,9
22/07/12;28,0;13,9
23/07/12;29,3;13,8
24/07/12;29,6;15,0
25/07/12;28,0;14,6
26/07/12;27,3;14,6
27/07/12;26,2;14,4
28/07/12;27,1;14,2
29/07/12;27,6;13,2
30/07/12;28,3;13,2
31/07/12;29,1;14,4
01/08/12;28,6;14,3
02/08/12;27,5;14,8
03/08/12;26,9;14,1
04/08/12;26,8;14,4
05/08/12;25,6;12,7
06/08/12;27,2;12,1
07/08/12;28,8;12,4
08/08/12;28,5;13,9
09/08/12;32,2;14,9
10/08/12;32,2;14,9
11/08/12;32,5;16,6
12/08/12;29,6;16,5
13/08/12;29,2;16,7
14/08/12;27,6;16,6
15/08/12;29,3;16,2
16/08/12;29,9;16,0
17/08/12;29,6;15,6
18/08/12;29,5;15,7
19/08/12;29,0;15,8
20/08/12;29,1;15,2
21/08/12;29,2;15,9
22/08/12;29,0;15,3
23/08/12;31,3;14,6
24/08/12;29,6;15,5
25/08/12;29,5;16,0
26/08/12;28,5;16,6
27/08/12;28,6;16,1
28/08/12;28,1;16,3
29/08/12;27,7;16,6
30/08/12;26,3;16,8
31/08/12;28,0;16,9
01/09/12;28,1;17,0
02/09/12;29,1;16,8
03/09/12;28,1;16,5
04/09/12;26,5;16,1
05/09/12;27,0;16,1
06/09/12;28,1;16,0
07/09/12;33,0;16,7
08/09/12;32,8;17,5
09/09/12;30,3;17,4
10/09/12;27,7;18,0
11/09/12;28,0;17,8
12/09/12;25,5;17,5
13/09/12;30,0;17,4
14/09/12;28,2;17,7
15/09/12;30,1;18,1
16/09/12;30,9;18,0
17/09/12;31,5;17,9
18/09/12;28,9;17,6
19/09/12;30,7;17,9
20/09/12;31,5;17,6
21/09/12;30,2;17,0
22/09/12;29,8;16,9
23/09/12;29,9;17,8
24/09/12;29,0;18,1
25/09/12;29,4;17,9
26/09/12;26,7;18,0
27/09/12;30,0;17,8
28/09/12;29,8;18,1
29/09/12;30,6;18,5
30/09/12;31,0;18,8
01/10/12;31,6;19,0
02/10/12;31,3;18,4
03/10/12;32,8;18,8
04/10/12;30,7;18,9
05/10/12;31,5;18,8
06/10/12;29,7;18,8
07/10/12;30,6;18,6
08/10/12;30,0;18,8
09/10/12;27,9;18,7
10/10/12;27,5;18,6
11/10/12;30,1;19,0
12/10/12;31,0;18,9
13/10/12;28,0;19,2
14/10/12;30,5;20,0
15/10/12;29,9;20,4
16/10/12;30,5;20,1
17/10/12;29,2;20,1
18/10/12;29,4;20,0
19/10/12;28,6;20,1
20/10/12;28,0;19,8
21/10/12;27,9;19,4
22/10/12;27,5;19,2
23/10/12;26,6;18,8
24/10/12;28,0;18,8
25/10/12;27,5;18,9
26/10/12;28,4;19,5
27/10/12;30,9;19,1
28/10/12;26,0;19,0
29/10/12;28,1;19,1
30/10/12;27,7;19,0
31/10/12;31,2;19,0
01/11/12;32,6;19,9
02/11/12;29,1;20,0
03/11/12;27,0;19,5
04/11/12;29,0;19,8
05/11/12;30,8;19,4
06/11/12;27,2;19,5
07/11/12;27,2;19,7
08/11/12;27,0;18,8
09/11/12;26,7;18,7
10/11/12;24,0;18,6
11/11/12;28,0;18,5
12/11/12;28,3;19,0
13/11/12;28,8;19,5
14/11/12;29,0;19,4
15/11/12;26,2;19,5
16/11/12;26,5;19,4
17/11/12;25,2;19,2
18/11/12;26,5;19,2
19/11/12;24,8;19,1
20/11/12;24,9;18,6
21/11/12;25,4;18,6
22/11/12;22,5;18,5
23/11/12;24,7;18,0
24/11/12;28,9;17,1
25/11/12;26,6;18,9
26/11/12;27,2;18,1
27/11/12;28,5;17,5
28/11/12;28,8;18,6
29/11/12;27,9;18,9
30/11/12;28,4;19,7
01/12/12;27,9;19,0
02/12/12;27,3;18,5
03/12/12;28,0;17,9
04/12/12;27,8;18,0
05/12/12;27,2;19,0
06/12/12;27,3;18,8
07/12/12;27,6;18,6
08/12/12;27,9;18,8
09/12/12;28,1;18,0
10/12/12;29,3;16,9
11/12/12;28,7;16,7
12/12/12;28,8;19,0
13/12/12;29,2;18,4
14/12/12;29,8;19,0
15/12/12;26,5;20,1
16/12/12;27,0;19,0
17/12/12;29,1;19,0
18/12/12;26,2;18,9
19/12/12;26,9;18,7
20/12/12;26,8;18,5
21/12/12;25,2;17,8
22/12/12;27,4;17,2
23/12/12;27,4;17,4
24/12/12;27,3;17,4
25/12/12;27,0;17,6
26/12/12;27,5;17,1
27/12/12;27,4;18,6
28/12/12;27,5;18,2
29/12/12;27,0;18,6
30/12/12;28,6;18,5
31/12/12;28,7;17,9
01/01/13;27,5;18,9
02/01/13;27,4;18,9
03/01/13;26,5;18,9
04/01/13;26,9;18,9
05/01/13;26,5;18,3
06/01/13;25,8;18,5
07/01/13;28,7;18,9
08/01/13;27,2;18,8
09/01/13;26,5;19,0
10/01/13;26,5;19,2
11/01/13;24,9;19,0
12/01/13;25,0;18,1
13/01/13;25,6;18,5
14/01/13;26,0;18,5
15/01/13;26,0;18,5
16/01/13;24,5;18,9
17/01/13;23,7;19,0
18/01/13;25,8;18,3
19/01/13;26,5;18,4
20/01/13;25,0;18,5
21/01/13;26,9;18,6
22/01/13;26,4;18,6
23/01/13;26,3;18,5
24/01/13;26,0;18,8
25/01/13;26,0;19,0
26/01/13;26,9;19,0
27/01/13;26,4;17,2
28/01/13;26,8;17,1
29/01/13;26,8;18,7
30/01/13;25,7;18,6
31/01/13;23,8;18,5
01/02/13;26,4;18,6
02/02/13;24,8;18,6
03/02/13;22,8;17,9
04/02/13;26,1;17,5
05/02/13;27,1;16,2
06/02/13;25,7;18,0
07/02/13;26,8;17,2
08/02/13;26,8;17,9
09/02/13;26,6;18,5
10/02/13;27,3;18,6
11/02/13;27,0;17,9
12/02/13;27,0;18,4
13/02/13;26,3;18,4
14/02/13;26,1;18,4
15/02/13;23,9;18,5
16/02/13;23,2;18,6
17/02/13;23,6;18,0
18/02/13;25,8;17,9
19/02/13;25,1;17,9
20/02/13;27,0;18,1
21/02/13;27,3;17,9
22/02/13;26,2;17,8
23/02/13;26,7;18,5
24/02/13;25,2;18,1
25/02/13;24,9;18,4
26/02/13;23,3;18,7
27/02/13;23,4;18,5
28/02/13;25,4;17,9
01/03/13;25,4;18,0
02/03/13;26,4;17,8
03/03/13;26,4;18,4
04/03/13;26,0;19,0
05/03/13;26,0;18,5
06/03/13;26,8;18,0
07/03/13;27,0;18,5
08/03/13;25,8;18,2
09/03/13;25,7;18,8
10/03/13;25,5;17,4
11/03/13;26,6;18,3
12/03/13;24,5;18,9
13/03/13;26,9;18,8
14/03/13;26,5;18,1
15/03/13;29,2;18,4
16/03/13;29,9;18,1
17/03/13;26,8;19,6
18/03/13;25,5;19,7
19/03/13;26,4;19,7
20/03/13;28,4;18,4
21/03/13;27,3;19,0
22/03/13;27,9;19,1
23/03/13;27,7;18,8
24/03/13;29,0;19,0
25/03/13;29,0;18,3
26/03/13;24,6;19,5
27/03/13;26,3;19,2
28/03/13;27,6;19,1
29/03/13;29,9;19,2
30/03/13;29,9;19,0
31/03/13;30,4;19,6
01/04/13;29,4;20,0
02/04/13;28,6;20,1
03/04/13;30,9;19,5
04/04/13;30,1;20,4
05/04/13;29,2;19,5
06/04/13;27,6;19,5
07/04/13;27,5;19,8
08/04/13;28,0;20,1
09/04/13;30,4;19,8
10/04/13;24,4;19,3
11/04/13;28,0;18,8
12/04/13;29,5;19,2
13/04/13;28,0;18,5
14/04/13;25,5;19,6
15/04/13;27,0;18,5
16/04/13;29,4;18,9
17/04/13;29,0;18,8
18/04/13;27,4;19,4
19/04/13;27,9;19,1
20/04/13;28,8;19,1
21/04/13;27,5;19,0
22/04/13;27,6;19,0
23/04/13;28,1;18,5
24/04/13;29,0;18,4
25/04/13;29,1;19,8
26/04/13;29,6;19,6
27/04/13;29,0;19,5
28/04/13;27,3;19,0
29/04/13;25,2;19,5
30/04/13;28,2;18,4
01/05/13;29,4;17,4
02/05/13;28,2;19,0
03/05/13;27,9;19,8
04/05/13;28,2;19,8
05/05/13;27,3;19,7
06/05/13;27,1;19,2
07/05/13;26,2;19,1
08/05/13;26,9;18,8
09/05/13;27,7;18,5
10/05/13;26,2;19,5
11/05/13;26,2;18,0
12/05/13;28,5;16,5
13/05/13;27,7;18,1
14/05/13;27,1;19,3
15/05/13;27,2;17,8
16/05/13;27,9;17,8
17/05/13;27,5;17,0
18/05/13;27,1;14,0
19/05/13;28,6;14,6
20/05/13;29,1;15,8
21/05/13;29,2;15,9
22/05/13;28,1;16,8
23/05/13;26,6;17,4
24/05/13;27,0;17,5
25/05/13;29,4;17,8
26/05/13;30,0;18,4
27/05/13;27,0;17,5
28/05/13;26,5;17,1
29/05/13;29,8;17,8
30/05/13;26,3;17,4
31/05/13;29,5;16,8
01/06/13;29,6;17,1
02/06/13;28,7;17,6
03/06/13;27,1;16,9
04/06/13;27,3;16,5
05/06/13;27,8;16,9
06/06/13;27,5;15,8
07/06/13;26,5;16,8
08/06/13;27,8;15,9
09/06/13;29,5;16,9
10/06/13;28,9;17,7
11/06/13;29,2;17,4
12/06/13;31,2;16,0
13/06/13;30,0;16,5
14/06/13;29,1;15,1
15/06/13;29,0;17,2
16/06/13;27,4;17,5
17/06/13;28,0;17,2
18/06/13;30,5;16,9
19/06/13;29,3;16,9
20/06/13;30,5;16,8
21/06/13;28,4;16,6
22/06/13;27,4;16,2
23/06/13;28,2;15,9
24/06/13;28,2;15,2
25/06/13;28,3;16,2
26/06/13;27,5;15,2
27/06/13;28,1;16,0
28/06/13;27,5;16,0
29/06/13;27,8;15,6
30/06/13;27,4;15,1
01/07/13;26,5;14,5
02/07/13;26,8;14,6
03/07/13;28,0;15,8
04/07/13;30,5;16,5
05/07/13;30,9;16,5
06/07/13;27,7;15,4
07/07/13;28,0;14,6
08/07/13;27,0;14,5
09/07/13;27,8;13,1
10/07/13;28,8;13,0
11/07/13;30,0;14,0
12/07/13;29,4;15,8
13/07/13;29,0;15,4
14/07/13;28,2;15,2
15/07/13;27,6;15,1
16/07/13;28,5;13,6
17/07/13;31,0;14,6
18/07/13;31,9;14,3
19/07/13;32,0;14,2
20/07/13;30,8;16,4
21/07/13;30,8;16,5
22/07/13;30,6;16,3
23/07/13;31,8;16,1
24/07/13;31,3;16,0
25/07/13;31,4;15,6
26/07/13;30,3;15,4
27/07/13;30,3;15,2
28/07/13;30,5;13,9
29/07/13;29,5;14,3
30/07/13;27,8;14,8
31/07/13;27,9;14,6
01/08/13;27,2;15,1
02/08/13;26,4;15,1
03/08/13;26,9;15,0
04/08/13;28,1;14,9
05/08/13;29,8;15,4
06/08/13;29,5;15,9
07/08/13;27,7;16,1
08/08/13;30,1;15,8
09/08/13;27,5;15,1
10/08/13;29,8;13,7
11/08/13;28,5;15,5
12/08/13;27,1;15,9
13/08/13;26,6;15,8
14/08/13;25,5;15,9
15/08/13;28,2;15,9
16/08/13;28,5;16,2
17/08/13;28,5;16,0
18/08/13;27,5;15,6
19/08/13;27,6;15,8
20/08/13;27,1;15,5
21/08/13;27,0;14,9
22/08/13;27,2;14,9
23/08/13;28,5;15,6
24/08/13;29,5;16,2
25/08/13;30,1;16,5
26/08/13;29,7;16,0
27/08/13;29,4;17,0
28/08/13;30,1;16,5
29/08/13;30,4;16,2
30/08/13;28,2;17,0
31/08/13;28,0;17,0
01/09/13;26,9;16,9
02/09/13;28,9;16,9
03/09/13;29,2;17,1
04/09/13;30,1;17,4
05/09/13;31,1;17,6
06/09/13;29,4;17,4
07/09/13;30,4;17,5
08/09/13;31,5;17,6
09/09/13;32,0;17,8
10/09/13;31,0;18,1
11/09/13;30,2;18,0
12/09/13;30,5;18,5
13/09/13;32,0;18,5
14/09/13;30,5;18,2
15/09/13;29,5;17,4
16/09/13;28,6;17,0
17/09/13;29,9;17,6
18/09/13;30,4;17,5
19/09/13;29,7;16,4
20/09/13;31,1;15,9
21/09/13;31,1;15,4
22/09/13;31,4;17,0
23/09/13;31,4;16,6
24/09/13;29,8;17,7
25/09/13;29,1;17,9
26/09/13;27,0;17,9
27/09/13;31,0;17,7
28/09/13;31,0;17,9
29/09/13;30,5;17,9
30/09/13;30,9;17,5
01/10/13;31,2;17,1
02/10/13;31,8;17,5
03/10/13;32,8;17,1
04/10/13;32,0;17,6
05/10/13;32,3;17,2
06/10/13;31,5;18,0
07/10/13;31,6;18,1
08/10/13;30,7;18,2
09/10/13;30,6;17,8
10/10/13;30,6;17,6
11/10/13;30,1;18,0
12/10/13;30,5;18,1
13/10/13;31,0;18,4
14/10/13;27,8;18,0
15/10/13;31,0;17,0
16/10/13;30,8;18,1
17/10/13;31,1;17,5
18/10/13;30,7;17,9
19/10/13;31,8;18,0
20/10/13;31,5;18,1
21/10/13;27,5;18,1
22/10/13;30,9;18,7
23/10/13;27,0;19,1
24/10/13;27,1;18,4
25/10/13;26,2;18,2
26/10/13;27,1;19,1
27/10/13;29,7;19,0
28/10/13;28,2;18,5
29/10/13;30,4;18,8
30/10/13;30,1;18,4
31/10/13;29,8;18,9
01/11/13;29,0;18,0
02/11/13;28,4;19,7
03/11/13;26,8;18,8
04/11/13;29,9;18,5
05/11/13;31,2;18,5
06/11/13;31,3;19,5
07/11/13;29,6;18,8
08/11/13;28,9;18,5
09/11/13;31,0;18,6
10/11/13;30,2;17,8
11/11/13;28,9;18,3
12/11/13;28,0;17,7
13/11/13;27,2;19,1
14/11/13;26,4;18,2
15/11/13;27,4;17,8
16/11/13;27,5;18,2
17/11/13;27,6;18,8
18/11/13;29,6;18,8
19/11/13;29,6;18,1
20/11/13;31,0;17,4
21/11/13;26,2;17,6
22/11/13;27,0;18,8
23/11/13;26,2;18,2
24/11/13;28,0;17,5
25/11/13;29,5;17,8
26/11/13;29,8;18,8
27/11/13;28,9;18,2
28/11/13;29,2;18,9
29/11/13;29,6;18,4
30/11/13;29,9;18,7
01/12/13;29,6;18,8
02/12/13;28,6;19,0
03/12/13;29,4;19,4
04/12/13;27,2;19,4
05/12/13;26,1;19,6
06/12/13;28,1;19,6
07/12/13;27,6;19,6
08/12/13;28,0;20,0
09/12/13;28,1;19,6
10/12/13;26,9;19,6
11/12/13;29,1;18,0
12/12/13;28,9;19,0
13/12/13;23,6;19,4
14/12/13;26,6;19,1
15/12/13;28,8;18,4
16/12/13;28,1;18,4
17/12/13;27,5;18,8
18/12/13;28,2;18,6
19/12/13;29,6;19,0
20/12/13;30,2;18,9
21/12/13;26,5;19,5
22/12/13;29,1;19,0
23/12/13;26,5;19,4
24/12/13;27,6;19,6
25/12/13;29,2;19,2
26/12/13;30,9;18,5
27/12/13;27,2;20,0
28/12/13;27,2;19,2
29/12/13;28,0;18,4
30/12/13;28,0;18,2
31/12/13;25,6;18,4
01/01/14;27,9;17,2
02/01/14;28,9;18,0
03/01/14;30,9;18,4
04/01/14;25,8;18,7
05/01/14;26,2;18,8
06/01/14;24,9;18,1
07/01/14;27,5;17,0
08/01/14;30,3;16,4
09/01/14;30,0;16,8
10/01/14;29,6;18,4
11/01/14;28,8;18,0
12/01/14;31,5;17,9
13/01/14;29,2;18,6
14/01/14;28,8;18,6
15/01/14;29,1;18,9
16/01/14;28,2;17,2
17/01/14;29,4;17,5
18/01/14;31,1;17,6
19/01/14;32,1;17,4
20/01/14;31,9;18,8
21/01/14;29,8;18,2
22/01/14;27,3;18,2
23/01/14;29,0;17,9
24/01/14;30,6;17,2
25/01/14;30,5;18,0
26/01/14;30,6;19,1
27/01/14;30,0;19,0
28/01/14;29,1;18,1
29/01/14;26,3;18,1
30/01/14;29,4;18,8
31/01/14;27,5;18,1
01/02/14;28,9;17,8
02/02/14;29,0;18,0
03/02/14;28,3;18,6
04/02/14;29,0;19,1
05/02/14;25,4;18,6
06/02/14;27,2;18,3
07/02/14;28,6;18,4
08/02/14;28,5;17,0
09/02/14;29,6;19,2
10/02/14;29,1;19,3
11/02/14;31,0;18,6
12/02/14;27,5;19,0
13/02/14;28,3;18,7
14/02/14;28,4;17,2
15/02/14;30,1;18,8
16/02/14;29,8;19,8
17/02/14;29,1;19,0
18/02/14;28,5;18,5
19/02/14;27,9;19,0
20/02/14;26,4;18,6
21/02/14;26,2;18,2
22/02/14;27,0;17,6
23/02/14;27,8;18,3
24/02/14;29,2;18,5
25/02/14;27,4;19,1
26/02/14;24,4;18,6
27/02/14;26,0;17,3
28/02/14;29,6;16,7
01/03/14;29,9;18,8
02/03/14;31,2;17,6
03/03/14;29,7;19,4
04/03/14;28,6;18,5
05/03/14;29,1;19,7
06/03/14;28,1;19,0
07/03/14;28,4;19,1
08/03/14;28,5;19,0
09/03/14;28,0;18,9
10/03/14;28,8;18,2
11/03/14;27,0;19,3
12/03/14;27,0;19,9
13/03/14;27,0;18,1
14/03/14;27,0;18,0
15/03/14;27,8;18,0
16/03/14;28,1;15,5
17/03/14;28,8;17,2
18/03/14;27,6;18,0
19/03/14;28,5;18,2
20/03/14;29,7;15,4
21/03/14;29,1;17,2
22/03/14;30,7;17,3
23/03/14;31,2;18,1
24/03/14;27,2;18,9
25/03/14;26,9;18,9
26/03/14;27,5;18,9
27/03/14;29,8;18,2
28/03/14;30,0;18,4
29/03/14;28,3;18,8
30/03/14;27,3;19,4
31/03/14;26,3;18,7
01/04/14;26,1;18,8
02/04/14;27,8;18,8
03/04/14;28,0;18,4
04/04/14;27,5;19,4
05/04/14;26,5;19,1
06/04/14;27,4;18,3
07/04/14;27,8;18,0
08/04/14;28,5;17,6
09/04/14;29,7;16,5
10/04/14;29,1;16,1
11/04/14;28,3;17,3
12/04/14;27,8;18,1
13/04/14;27,8;19,5
14/04/14;27,4;19,5
15/04/14;28,0;19,0
16/04/14;26,9;18,4
17/04/14;27,4;18,5
18/04/14;27,6;17,5
19/04/14;27,8;18,1
20/04/14;27,6;18,8
21/04/14;27,7;17,8
22/04/14;28,2;19,0
23/04/14;28,8;18,5
24/04/14;26,8;19,3
25/04/14;27,6;19,5
26/04/14;25,8;19,0
27/04/14;27,8;18,4
28/04/14;28,7;17,8
29/04/14;28,1;17,1
30/04/14;28,3;17,8
01/05/14;29,5;18,5
02/05/14;27,5;19,0
03/05/14;28,3;18,7
04/05/14;27,1;19,5
05/05/14;27,5;18,1
06/05/14;27,8;18,5
07/05/14;26,9;18,9
08/05/14;28,5;18,9
09/05/14;27,9;19,6
10/05/14;27,0;19,5
11/05/14;26,9;19,4
12/05/14;26,6;19,2
13/05/14;28,0;19,2
14/05/14;28,0;17,6
15/05/14;27,5;19,2
16/05/14;26,9;19,2
17/05/14;27,5;18,3
18/05/14;26,9;18,6
19/05/14;28,4;18,4
20/05/14;29,9;19,4
21/05/14;29,0;20,1
22/05/14;27,7;19,5
23/05/14;27,5;19,5
24/05/14;28,7;17,0
25/05/14;28,0;17,4
26/05/14;28,0;17,7
27/05/14;27,5;17,5
28/05/14;28,0;17,4
29/05/14;27,8;17,3
30/05/14;27,8;17,3
31/05/14;27,7;17,2
01/06/14;27,5;16,7
02/06/14;26,7;17,6
03/06/14;28,0;17,6
04/06/14;26,4;17,6
05/06/14;27,2;17,5
06/06/14;27,5;17,3
07/06/14;27,3;17,1
08/06/14;28,4;17,4
09/06/14;28,9;18,0
10/06/14;29,1;18,3
11/06/14;27,4;18,6
12/06/14;27,9;16,8
13/06/14;28,0;17,8
14/06/14;26,2;18,2
15/06/14;26,9;16,5
16/06/14;28,0;16,4
17/06/14;26,8;16,4
18/06/14;26,0;15,5
19/06/14;28,8;15,3
20/06/14;31,2;16,6
21/06/14;30,4;16,3
22/06/14;30,3;13,4
23/06/14;31,5;15,3
24/06/14;31,5;15,8
25/06/14;30,6;14,1
26/06/14;31,1;12,6
27/06/14;30,5;13,9
28/06/14;30,1;15,1
29/06/14;30,9;12,4
30/06/14;31,8;12,7
01/07/14;32,3;13,4
02/07/14;33,0;13,6
03/07/14;31,2;16,1
04/07/14;28,1;14,9
05/07/14;28,1;14,9
06/07/14;29,1;15,6
07/07/14;29,1;15,6
08/07/14;27,6;15,2
09/07/14;30,2;13,6
10/07/14;31,0;14,6
11/07/14;30,8;14,0
12/07/14;29,5;15,6
13/07/14;28,6;14,8
14/07/14;26,4;15,4
15/07/14;26,0;14,2
16/07/14;28,0;13,9
17/07/14;28,0;13,7
18/07/14;27,6;13,9
19/07/14;28,4;14,2
20/07/14;30,6;14,8
21/07/14;31,9;15,1
22/07/14;31,4;15,2
23/07/14;29,5;14,9
24/07/14;28,2;14,4
25/07/14;28,2;14,5
26/07/14;27,1;14,4
27/07/14;28,1;12,6
28/07/14;27,8;14,5
29/07/14;27,7;14,8
30/07/14;27,0;15,0
31/07/14;26,3;14,9
01/08/14;27,5;15,1
02/08/14;26,7;15,5
03/08/14;28,0;14,7
04/08/14;27,2;14,9
05/08/14;26,5;15,1
06/08/14;27,5;14,5
07/08/14;27,4;15,2
08/08/14;28,4;14,1
09/08/14;27,3;15,1
10/08/14;27,1;14,9
11/08/14;28,4;14,6
12/08/14;29,1;14,4
13/08/14;29,0;15,1
14/08/14;30,6;14,6
15/08/14;29,9;14,4
16/08/14;30,3;15,1
17/08/14;29,1;14,6
18/08/14;27,2;14,8
19/08/14;27,1;14,6
20/08/14;28,5;13,9
21/08/14;28,1;15,2
22/08/14;26,5;14,1
23/08/14;25,6;14,1
24/08/14;26,9;14,4
25/08/14;27,6;15,4
26/08/14;27,0;15,4
27/08/14;27,3;15,6
28/08/14;24,9;15,4
29/08/14;26,8;15,2
30/08/14;27,1;15,9
31/08/14;27,3;16,0
01/09/14;29,2;16,5
02/09/14;27,3;16,8
03/09/14;29,4;17,2
04/09/14;29,2;16,8
05/09/14;29,5;16,9
06/09/14;28,8;17,3
07/09/14;28,5;16,8
08/09/14;28,9;16,7
09/09/14;29,8;17,0
10/09/14;29,0;16,6
11/09/14;27,9;16,9
12/09/14;27,1;16,2
13/09/14;30,9;16,4
14/09/14;30,9;17,6
15/09/14;30,9;17,6
16/09/14;29,5;17,6
17/09/14;28,9;18,0
18/09/14;31,9;18,1
19/09/14;30,5;18,1
20/09/14;31,6;18,9
21/09/14;28,1;18,2
22/09/14;29,1;18,8
23/09/14;28,3;18,8
24/09/14;29,2;18,5
25/09/14;28,0;18,0
26/09/14;29,3;17,2
27/09/14;31,1;17,6
28/09/14;31,5;18,0
29/09/14;32,0;17,5
30/09/14;30,5;17,8
01/10/14;28,2;18,6
02/10/14;29,5;18,8
03/10/14;31,1;18,9
04/10/14;32,8;17,7
05/10/14;30,5;17,2
06/10/14;30,5;18,5
07/10/14;31,1;18,2
08/10/14;31,2;17,8
09/10/14;31,9;17,6
10/10/14;32,2;18,3
11/10/14;30,9;18,4
12/10/14;28,7;18,5
13/10/14;28,8;18,3
14/10/14;29,2;18,0
15/10/14;29,5;18,0
16/10/14;31,0;17,9
17/10/14;32,5;18,3
18/10/14;31,1;18,9
19/10/14;30,7;18,8
20/10/14;29,9;19,5
21/10/14;32,3;19,0
22/10/14;31,6;19,3
23/10/14;30,3;19,1
24/10/14;32,8;19,6
25/10/14;31,6;19,6
26/10/14;31,0;19,3
27/10/14;31,5;19,4
28/10/14;28,1;18,6
29/10/14;28,4;18,8
30/10/14;28,8;19,0
31/10/14;29,9;19,1
01/11/14;27,6;19,5
02/11/14;31,4;19,5
03/11/14;30,3;19,9
04/11/14;28,5;19,9
05/11/14;26,9;19,5
06/11/14;28,2;19,3
07/11/14;26,9;19,5
08/11/14;28,0;19,5
09/11/14;28,8;19,3
10/11/14;25,2;19,4
11/11/14;26,1;19,2
12/11/14;27,5;18,4
13/11/14;28,1;19,6
14/11/14;27,7;19,6
15/11/14;26,1;19,3
16/11/14;23,5;18,9
17/11/14;26,0;18,7
18/11/14;27,2;18,8
19/11/14;29,0;18,5
20/11/14;29,5;19,2
21/11/14;30,1;18,6
22/11/14;27,5;18,8
23/11/14;27,3;17,9
24/11/14;27,6;17,5
25/11/14;30,2;18,8
26/11/14;30,4;17,6
27/11/14;28,2;19,5
28/11/14;27,9;19,0
29/11/14;28,0;18,9
30/11/14;27,9;19,0
01/12/14;29,4;19,0
02/12/14;25,8;19,0
03/12/14;27,6;19,3
04/12/14;27,6;18,1
05/12/14;27,6;17,5
06/12/14;28,9;18,4
07/12/14;28,5;17,3
08/12/14;27,9;19,3
09/12/14;27,0;18,9
10/12/14;30,5;17,1
11/12/14;29,9;18,1
12/12/14;29,9;17,9
13/12/14;27,2;18,7
14/12/14;30,7;19,2
15/12/14;29,4;18,6
16/12/14;28,3;19,4
17/12/14;28,0;18,8
18/12/14;26,9;17,5
19/12/14;27,4;17,3
20/12/14;26,2;17,8
21/12/14;27,0;17,6
22/12/14;28,5;18,0
23/12/14;26,3;18,4
24/12/14;28,5;18,0
25/12/14;31,0;16,6
26/12/14;31,2;16,9
27/12/14;31,6;16,4
28/12/14;31,0;17,1
29/12/14;27,0;19,1
30/12/14;30,9;18,7
31/12/14;29,5;19,5
01/01/15;29,4;18,7
02/01/15;28,8;18,9
03/01/15;29,5;18,8
04/01/15;28,4;19,0
05/01/15;29,1;17,6
06/01/15;30,1;18,2
07/01/15;31,1;19,1
08/01/15;30,7;19,9
09/01/15;31,9;19,9
10/01/15;31,6;19,4
11/01/15;29,1;20,0
12/01/15;28,6;19,1
13/01/15;30,5;19,6
14/01/15;30,7;19,4
15/01/15;29,8;19,8
16/01/15;28,9;18,4
17/01/15;25,6;18,5
18/01/15;26,8;19,0
19/01/15;27,0;18,9
20/01/15;26,3;18,5
21/01/15;27,7;18,3
22/01/15;29,1;18,9
23/01/15;22,4;18,6
24/01/15;23,1;17,8
25/01/15;26,6;17,9
26/01/15;28,7;18,0
27/01/15;26,7;18,1
28/01/15;28,0;18,2
29/01/15;26,7;19,0
30/01/15;26,6;19,1
31/01/15;26,6;18,8
01/02/15;28,4;18,6
02/02/15;28,0;18,9
03/02/15;27,8;18,8
04/02/15;27,2;18,2
05/02/15;26,4;18,0
06/02/15;26,7;17,9
07/02/15;27,1;18,9
08/02/15;27,4;18,7
09/02/15;25,5;18,5
10/02/15;26,0;18,0
11/02/15;26,6;17,4
12/02/15;28,1;17,5
13/02/15;28,5;19,3
14/02/15;27,5;18,8
15/02/15;27,0;19,1
16/02/15;26,0;19,6
17/02/15;27,2;19,5
18/02/15;26,8;19,2
19/02/15;28,6;19,5
20/02/15;27,8;18,9
21/02/15;28,0;18,0
22/02/15;28,5;18,9
23/02/15;28,1;19,0
24/02/15;29,4;19,3
25/02/15;29,8;18,9
26/02/15;28,3;19,0
27/02/15;28,9;18,9
28/02/15;28,8;18,4
01/03/15;30,5;16,6
02/03/15;31,5;18,5
03/03/15;31,0;20,2
04/03/15;31,2;19,5
05/03/15;31,3;19,3
06/03/15;31,7;19,5
07/03/15;31,4;20,0
08/03/15;30,6;19,5
09/03/15;26,0;19,8
10/03/15;26,6;19,7
11/03/15;26,8;18,6
12/03/15;28,2;16,8
13/03/15;29,4;16,5
14/03/15;30,4;18,2
15/03/15;30,5;17,9
16/03/15;30,4;20,0
17/03/15;32,0;19,6
18/03/15;29,5;20,0
19/03/15;27,6;19,6
20/03/15;27,8;18,9
21/03/15;28,4;19,1
22/03/15;27,1;19,0
23/03/15;26,0;19,2
24/03/15;29,1;18,0
25/03/15;29,5;18,5
26/03/15;29,0;18,5
27/03/15;28,2;19,0
28/03/15;28,6;19,4
29/03/15;28,3;19,6
30/03/15;27,0;19,7
31/03/15;26,2;18,5
01/04/15;27,0;17,4
02/04/15;29,1;17,5
03/04/15;29,0;18,0
04/04/15;29,5;16,1
05/04/15;29,4;16,7
06/04/15;30,5;16,6
07/04/15;31,1;17,6
08/04/15;29,2;19,2
09/04/15;28,0;18,9
10/04/15;26,0;18,5
11/04/15;26,5;18,5
12/04/15;29,5;18,3
13/04/15;26,5;19,2
14/04/15;28,4;19,2
15/04/15;28,5;19,1
16/04/15;29,1;18,7
17/04/15;27,8;18,5
18/04/15;27,8;18,3
19/04/15;26,5;18,8
20/04/15;25,1;18,0
21/04/15;25,8;17,9
22/04/15;26,6;17,8
23/04/15;26,7;17,6
24/04/15;27,6;17,4
25/04/15;28,7;17,8
26/04/15;27,8;17,2
27/04/15;28,5;18,3
28/04/15;27,5;19,2
29/04/15;27,9;17,0
30/04/15;28,9;17,2
01/05/15;30,4;18,5
02/05/15;29,5;18,2
03/05/15;27,8;18,2
04/05/15;27,8;18,4
05/05/15;27,3;17,5
06/05/15;28,5;18,1
07/05/15;29,6;17,9
08/05/15;31,2;18,0
09/05/15;29,1;19,7
10/05/15;29,8;19,7
11/05/15;29,9;20,1
12/05/15;30,1;19,0
13/05/15;27,8;19,0
14/05/15;25,8;19,8
15/05/15;27,2;19,6
16/05/15;29,1;18,8
17/05/15;28,1;19,2
18/05/15;29,2;19,6
19/05/15;28,3;19,8
20/05/15;27,6;19,4
21/05/15;27,6;19,1
22/05/15;28,1;18,5
23/05/15;28,4;18,1
24/05/15;28,5;18,6
25/05/15;27,1;18,6
26/05/15;28,6;17,4
27/05/15;28,0;17,9
28/05/15;27,0;17,6
29/05/15;28,6;16,6
30/05/15;30,8;15,6
31/05/15;31,1;14,6
01/06/15;30,5;15,0
02/06/15;30,1;16,0
03/06/15;29,8;15,1
04/06/15;29,9;14,9
05/06/15;28,0;16,5
06/06/15;29,1;15,8
07/06/15;28,5;15,5
08/06/15;27,8;16,5
09/06/15;28,6;16,3
10/06/15;28,7;16,7
11/06/15;28,8;16,0
12/06/15;30,7;15,6
13/06/15;30,9;14,1
14/06/15;29,5;15,7
15/06/15;28,6;15,0
16/06/15;26,2;15,9
17/06/15;25,2;15,3
18/06/15;31,4;15,2
19/06/15;31,1;16,5
20/06/15;30,0;16,4
21/06/15;29,2;16,2
22/06/15;31,8;14,6
23/06/15;32,4;13,9
24/06/15;31,8;14,4
25/06/15;31,6;14,8
26/06/15;32,0;14,6
27/06/15;31,1;15,3
28/06/15;30,0;15,4
29/06/15;30,0;15,1
30/06/15;31,4;14,1
01/07/15;31,2;13,2
02/07/15;31,9;13,2
03/07/15;31,5;13,4
04/07/15;31,2;13,2
05/07/15;31,6;13,3
06/07/15;31,0;14,5
07/07/15;30,4;14,7
08/07/15;30,9;14,4
09/07/15;30,5;15,2
10/07/15;29,5;15,8
11/07/15;27,6;16,3
12/07/15;26,4;14,8
13/07/15;28,5;14,6
14/07/15;28,2;15,5
15/07/15;29,4;14,9
16/07/15;29,0;15,8
17/07/15;28,1;15,5
18/07/15;26,5;14,1
19/07/15;26,6;12,6
20/07/15;26,2;13,1
21/07/15;29,6;11,9
22/07/15;30,9;13,0
23/07/15;31,0;14,4
24/07/15;34,2;13,3
25/07/15;32,5;14,6
26/07/15;32,5;13,9
27/07/15;31,8;14,9
28/07/15;28,7;15,8
29/07/15;27,1;15,7
30/07/15;27,5;15,3
31/07/15;28,4;14,6
01/08/15;30,1;15,7
02/08/15;30,2;16,6
03/08/15;29,8;15,9
04/08/15;28,5;15,1
05/08/15;26,6;14,9
06/08/15;26,6;14,6
07/08/15;26,2;15,0
08/08/15;27,0;13,4
09/08/15;29,5;14,8
10/08/15;29,5;15,1
11/08/15;29,4;15,6
12/08/15;28,9;15,1
13/08/15;29,1;15,1
14/08/15;29,0;15,3
15/08/15;28,6;16,2
16/08/15;27,7;16,5
17/08/15;27,5;16,9
18/08/15;27,9;16,8
19/08/15;29,3;15,6
20/08/15;28,8;16,9
21/08/15;29,0;16,5
22/08/15;27,1;15,7
23/08/15;26,4;15,4
24/08/15;27,5;15,4
25/08/15;28,2;16,2
26/08/15;29,6;16,7
27/08/15;33,6;16,0
28/08/15;33,5;15,7
29/08/15;31,0;16,1
30/08/15;29,0;15,2
31/08/15;28,4;16,0
01/09/15;29,2;15,3
02/09/15;29,0;15,4
03/09/15;29,7;15,4
04/09/15;28,8;15,4
05/09/15;30,3;15,6
06/09/15;28,2;15,6
07/09/15;28,8;15,7
08/09/15;31,0;16,1
09/09/15;30,6;16,5
10/09/15;30,8;17,5
11/09/15;31,0;17,9
12/09/15;28,8;18,0
13/09/15;29,6;17,4
14/09/15;29,1;17,7
15/09/15;30,5;17,7
16/09/15;30,6;17,4
17/09/15;27,6;17,8
18/09/15;28,6;17,2
19/09/15;29,0;17,9
20/09/15;30,5;17,7
21/09/15;31,1;17,6
22/09/15;32,3;17,5
23/09/15;30,7;17,6
24/09/15;30,7;18,0
25/09/15;30,5;17,8
26/09/15;31,5;18,2
27/09/15;30,1;18,0
28/09/15;31,5;17,6
29/09/15;31,0;17,9
30/09/15;29,3;17,9
01/10/15;31,7;17,6
02/10/15;30,1;17,4
03/10/15;30,5;18,5
04/10/15;29,5;18,6
05/10/15;27,1;18,3
06/10/15;30,1;18,6
07/10/15;32,2;18,5
08/10/15;29,5;18,5
09/10/15;28,3;19,0
10/10/15;30,3;18,0
11/10/15;30,4;18,5
12/10/15;30,1;18,2
13/10/15;24,4;18,9
14/10/15;25,1;18,5
15/10/15;27,5;19,1
16/10/15;28,5;19,0
17/10/15;29,2;19,2
18/10/15;30,9;19,1
19/10/15;28,5;19,1
20/10/15;29,2;18,6
21/10/15;26,0;19,0
22/10/15;26,9;18,4
23/10/15;25,5;19,5
24/10/15;29,4;19,5
25/10/15;27,6;19,3
26/10/15;26,3;19,1
27/10/15;27,4;19,0
28/10/15;27,2;18,6
29/10/15;25,4;19,0
30/10/15;28,1;19,0
31/10/15;24,6;18,5
01/11/15;28,6;18,2
02/11/15;29,2;19,8
03/11/15;28,5;18,6
04/11/15;29,9;19,2
05/11/15;26,0;19,3
06/11/15;26,9;19,0
07/11/15;26,8;19,2
08/11/15;26,8;19,4
09/11/15;28,0;19,0
10/11/15;27,4;19,5
11/11/15;25,5;19,8
12/11/15;27,6;19,6
13/11/15;27,6;19,6
14/11/15;27,4;19,1
15/11/15;25,5;19,4
16/11/15;22,2;18,9
17/11/15;25,5;18,8
18/11/15;25,2;19,0
19/11/15;25,4;19,4
20/11/15;22,6;19,2
21/11/15;25,8;18,8
22/11/15;28,0;18,6
23/11/15;26,5;19,1
24/11/15;24,0;19,0
25/11/15;23,2;18,9
26/11/15;24,4;17,5
27/11/15;27,2;17,4
28/11/15;27,0;19,0
29/11/15;27,3;18,5
30/11/15;26,3;19,0
01/12/15;26,9;19,0
02/12/15;25,5;19,0
03/12/15;22,8;18,6
04/12/15;25,2;18,7
05/12/15;27,6;18,6
06/12/15;28,5;19,0
07/12/15;28,2;18,9
08/12/15;27,6;18,9
09/12/15;26,5;19,2
10/12/15;25,8;18,4
11/12/15;26,9;18,1
12/12/15;25,9;17,9
13/12/15;26,0;19,6
14/12/15;26,7;19,2
15/12/15;26,8;17,6
16/12/15;27,5;17,5
17/12/15;27,9;17,1
18/12/15;25,7;19,0
19/12/15;27,3;19,2
20/12/15;28,3;19,0
21/12/15;26,2;19,6
22/12/15;24,6;19,5
23/12/15;24,2;19,5
24/12/15;27,2;19,7
25/12/15;26,3;18,5
26/12/15;26,6;18,1
27/12/15;28,6;17,9
28/12/15;28,0;18,2
29/12/15;26,3;18,2
30/12/15;26,2;18,9
31/12/15;26,0;19,0
01/01/16;26,0;19,0
02/01/16;27,1;19,5
03/01/16;26,0;19,0
04/01/16;27,1;19,2
05/01/16;26,6;19,5
06/01/16;26,5;19,1
07/01/16;27,0;19,5
08/01/16;25,4;19,2
09/01/16;26,5;19,4
10/01/16;26,5;19,0
11/01/16;27,0;19,1
12/01/16;27,6;18,2
13/01/16;28,5;18,3
14/01/16;27,5;18,8
15/01/16;27,5;18,5
16/01/16;27,8;17,8
17/01/16;28,1;15,9
18/01/16;27,8;18,4
19/01/16;28,4;18,5
20/01/16;28,8;18,1
21/01/16;29,7;18,0
22/01/16;28,9;19,0
23/01/16;27,6;18,6
24/01/16;26,2;18,1
25/01/16;23,8;19,1
26/01/16;27,5;18,8
27/01/16;27,5;18,7
28/01/16;27,8;18,6
29/01/16;26,0;19,0
30/01/16;26,4;19,0
31/01/16;26,1;17,6
01/02/16;28,1;17,5
02/02/16;29,4;18,0
03/02/16;27,0;17,8
04/02/16;26,3;18,6
05/02/16;27,3;19,0
06/02/16;29,4;18,7
07/02/16;29,6;19,3
08/02/16;28,1;19,0
09/02/16;29,0;18,6
10/02/16;24,9;19,5
11/02/16;29,5;19,4
12/02/16;30,0;19,0
13/02/16;26,0;20,2
14/02/16;25,8;19,4
15/02/16;27,6;18,5
16/02/16;25,9;18,2
17/02/16;26,2;18,1
18/02/16;27,2;18,0
19/02/16;27,5;17,9
20/02/16;29,1;18,0
21/02/16;29,4;17,6
22/02/16;27,0;19,5
23/02/16;27,9;19,0
24/02/16;28,0;18,0
25/02/16;28,4;17,7
26/02/16;27,8;17,0
27/02/16;28,3;16,5
28/02/16;28,5;17,9
29/02/16;30,0;16,8
01/03/16;29,8;18,0
02/03/16;30,1;18,8
03/03/16;30,0;19,4
04/03/16;30,8;19,1
05/03/16;29,0;20,0
06/03/16;29,9;20,0
07/03/16;30,1;19,8
08/03/16;27,5;19,9
09/03/16;29,5;19,6
10/03/16;29,6;19,4
11/03/16;30,0;19,2
12/03/16;29,5;18,4
13/03/16;29,6;19,1
14/03/16;29,2;18,0
15/03/16;29,7;19,3
16/03/16;31,3;18,2
17/03/16;30,6;19,6
18/03/16;30,0;19,0
19/03/16;29,4;18,9
20/03/16;29,9;18,4
21/03/16;30,9;17,8
22/03/16;32,6;18,0
23/03/16;32,2;19,7
24/03/16;31,4;20,6
25/03/16;28,4;20,0
26/03/16;27,5;18,5
27/03/16;30,2;16,8
28/03/16;25,1;19,0
29/03/16;29,6;19,0
30/03/16;28,2;18,5
31/03/16;26,0;19,0
01/04/16;28,3;17,9
02/04/16;28,4;17,0
03/04/16;28,1;19,5
04/04/16;29,8;18,5
05/04/16;27,0;19,0
06/04/16;28,3;17,7
07/04/16;27,1;18,9
08/04/16;29,1;18,2
09/04/16;28,1;19,5
10/04/16;28,0;19,9
11/04/16;28,5;19,2
12/04/16;30,9;18,8
13/04/16;27,1;20,0
14/04/16;27,8;19,0
15/04/16;29,5;18,6
16/04/16;28,5;19,8
17/04/16;27,6;19,2
18/04/16;29,4;19,0
19/04/16;28,8;18,6
20/04/16;27,0;18,6
21/04/16;26,2;19,1
22/04/16;28,2;18,8
23/04/16;28,9;18,9
24/04/16;30,0;19,3
25/04/16;29,1;19,5
26/04/16;27,9;19,5
27/04/16;28,1;19,3
28/04/16;27,6;18,9
29/04/16;30,5;17,9
30/04/16;28,6;20,6
01/05/16;24,6;19,3
02/05/16;22,6;18,4
03/05/16;24,0;18,4
04/05/16;25,0;18,0
05/05/16;27,1;17,0
06/05/16;29,2;18,0
07/05/16;28,0;18,5
08/05/16;28,2;19,4
09/05/16;29,4;19,0
10/05/16;30,0;19,9
11/05/16;30,8;16,9
12/05/16;30,5;16,6
13/05/16;30,3;17,8
14/05/16;29,4;18,3
15/05/16;29,4;18,1
16/05/16;28,7;19,0
17/05/16;29,0;18,2
18/05/16;28,6;19,4
19/05/16;29,7;17,2
20/05/16;30,0;18,5
21/05/16;30,6;18,6
22/05/16;29,1;19,2
23/05/16;29,7;17,5
24/05/16;29,2;16,9
25/05/16;29,1;19,0
26/05/16;27,1;18,0
27/05/16;27,5;17,6
28/05/16;26,7;16,9
29/05/16;27,0;17,2
30/05/16;28,0;16,8
31/05/16;28,5;17,5
01/06/16;29,4;18,2
02/06/16;29,5;18,6
03/06/16;29,1;18,2
04/06/16;29,1;17,2
05/06/16;30,3;17,2
06/06/16;29,9;18,0
07/06/16;29,9;17,2
08/06/16;29,8;16,6
09/06/16;29,5;17,0
10/06/16;29,9;15,3
11/06/16;29,5;15,2
12/06/16;30,0;16,9
13/06/16;31,4;17,1
14/06/16;31,5;17,0
15/06/16;31,1;16,5
16/06/16;29,2;17,3
17/06/16;30,8;14,9
18/06/16;31,6;15,6
19/06/16;32,2;13,8
20/06/16;30,8;15,7
21/06/16;30,5;15,3
22/06/16;30,3;15,6
23/06/16;30,1;14,3
24/06/16;30,1;13,6
25/06/16;32,2;13,6
26/06/16;31,5;13,9
27/06/16;28,3;14,8
28/06/16;29,1;14,1
29/06/16;29,8;15,2
30/06/16;29,0;14,9
01/07/16;30,1;14,2
02/07/16;31,8;14,6
03/07/16;32,0;15,6
04/07/16;30,4;14,9
05/07/16;29,4;15,4
06/07/16;31,0;14,4
07/07/16;30,7;15,4
08/07/16;31,6;14,1
09/07/16;30,6;14,6
10/07/16;29,5;15,8
11/07/16;30,2;14,6
12/07/16;30,4;14,9
13/07/16;29,4;15,2
14/07/16;29,2;14,7
15/07/16;29,4;14,2
16/07/16;29,2;13,6
17/07/16;27,6;14,5
18/07/16;28,2;14,3
19/07/16;28,4;13,6
20/07/16;28,7;15,1
21/07/16;30,5;15,3
22/07/16;29,8;15,8
23/07/16;30,4;15,1
24/07/16;29,7;16,0
25/07/16;30,5;15,8
26/07/16;30,4;14,9
27/07/16;28,2;13,9
28/07/16;27,5;13,4
29/07/16;28,5;13,9
30/07/16;26,7;14,1
31/07/16;26,9;13,5
01/08/16;26,1;13,2
02/08/16;26,9;12,8
03/08/16;29,4;13,3
04/08/16;32,1;13,8
05/08/16;32,8;14,2
06/08/16;31,5;13,1
07/08/16;29,2;14,1
08/08/16;28,4;13,0
09/08/16;26,9;13,9
10/08/16;28,0;13,9
11/08/16;27,5;13,9
12/08/16;27,0;14,0
13/08/16;29,0;14,6
14/08/16;28,5;15,6
15/08/16;30,2;15,2
16/08/16;29,2;15,8
17/08/16;27,0;15,8
18/08/16;26,1;15,9
19/08/16;28,2;16,1
20/08/16;29,0;16,8
21/08/16;27,2;16,8
22/08/16;26,1;16,5
23/08/16;27,6;16,4
24/08/16;28,5;14,8
25/08/16;29,1;16,4
26/08/16;29,1;16,5
27/08/16;27,4;16,5
28/08/16;27,8;16,0
29/08/16;28,7;15,5
30/08/16;27,4;16,1
31/08/16;29,0;15,9
01/09/16;30,0;15,6
02/09/16;30,9;15,6
03/09/16;29,8;16,2
04/09/16;29,1;16,9
05/09/16;29,5;16,7
06/09/16;28,8;17,4
07/09/16;28,5;16,7
08/09/16;26,7;16,8
09/09/16;29,4;16,8
10/09/16;30,6;17,1
11/09/16;30,5;18,0
12/09/16;30,2;17,4
13/09/16;28,8;17,4
14/09/16;28,8;17,6
15/09/16;28,3;17,6
16/09/16;27,8;17,5
17/09/16;28,9;17,9
18/09/16;30,1;17,9
19/09/16;31,0;17,7
20/09/16;31,0;17,8
21/09/16;30,0;17,8
22/09/16;28,9;18,0
23/09/16;28,0;18,0
24/09/16;28,8;17,7
25/09/16;30,0;18,1
26/09/16;30,1;18,4
27/09/16;30,8;18,0
28/09/16;28,2;18,2
29/09/16;27,9;18,6
30/09/16;27,5;19,0
01/10/16;28,3;18,9
02/10/16;31,2;18,8
03/10/16;29,5;18,9
04/10/16;29,8;19,1
05/10/16;31,4;19,0
06/10/16;31,4;18,3
07/10/16;30,4;18,0
08/10/16;30,2;18,0
09/10/16;26,9;18,9
10/10/16;29,9;18,7
11/10/16;31,0;19,1
12/10/16;29,9;18,7
13/10/16;27,1;19,0
14/10/16;32,7;18,5
15/10/16;26,6;19,3
16/10/16;29,6;19,0
17/10/16;31,5;19,0
18/10/16;30,5;18,9
19/10/16;29,6;19,6
20/10/16;26,9;19,0
21/10/16;29,5;18,7
22/10/16;30,0;18,6
23/10/16;30,1;18,9
24/10/16;29,1;19,0
25/10/16;29,7;19,0
26/10/16;24,2;18,4
27/10/16;28,5;17,3
28/10/16;27,1;19,3
29/10/16;29,0;19,1
30/10/16;28,6;19,1
31/10/16;31,0;19,0
01/11/16;28,8;18,4
02/11/16;28,8;19,5
03/11/16;27,5;19,6
04/11/16;28,1;19,3
05/11/16;29,0;19,1
06/11/16;28,1;19,4
07/11/16;25,8;18,8
08/11/16;27,2;19,0
09/11/16;27,6;18,8
10/11/16;27,0;17,6
11/11/16;30,5;17,0
12/11/16;30,6;18,5
13/11/16;30,4;18,2
14/11/16;30,3;19,1
15/11/16;27,7;18,9
16/11/16;26,9;19,0
17/11/16;25,2;19,1
18/11/16;26,8;19,0
19/11/16;28,0;19,4
20/11/16;27,4;19,5
21/11/16;27,5;19,0
22/11/16;26,8;19,0
23/11/16;28,0;19,5
24/11/16;25,4;18,8
25/11/16;27,0;19,0
26/11/16;28,7;18,8
27/11/16;26,9;18,5
28/11/16;28,2;18,4
29/11/16;28,8;18,6
30/11/16;26,7;18,3
01/12/16;24,5;18,6
02/12/16;28,5;18,6
03/12/16;27,6;19,0
04/12/16;27,5;18,9
05/12/16;27,8;18,7
06/12/16;25,8;19,0
07/12/16;24,6;18,5
08/12/16;25,1;18,9
09/12/16;28,0;18,4
10/12/16;28,1;18,3
11/12/16;27,7;18,2
12/12/16;28,4;18,5
13/12/16;28,1;18,3
14/12/16;28,4;18,7
15/12/16;28,9;18,4
16/12/16;28,8;18,2
17/12/16;29,1;18,1
18/12/16;30,6;16,5
19/12/16;31,8;18,5
20/12/16;31,2;18,0
21/12/16;28,3;18,9
22/12/16;26,2;18,5
23/12/16;26,8;18,3
24/12/16;26,9;18,5
25/12/16;26,0;18,5
26/12/16;26,4;18,9
27/12/16;25,2;18,4
28/12/16;27,1;18,4
29/12/16;26,8;18,5
30/12/16;25,0;18,3
31/12/16;25,6;18,3
01/01/17;26,0;17,4
02/01/17;26,4;17,5
03/01/17;26,9;17,3
04/01/17;24,6;17,5
05/01/17;25,2;17,8
06/01/17;27,8;17,5
07/01/17;27,5;17,5
08/01/17;26,5;18,2
09/01/17;29,2;18,3
10/01/17;28,5;17,0
11/01/17;28,2;17,4
12/01/17;26,8;18,5
13/01/17;27,0;17,8
14/01/17;28,2;17,4
15/01/17;28,1;18,8
16/01/17;27,2;17,0
17/01/17;24,4;18,5
18/01/17;24,0;18,3
19/01/17;27,0;17,8
20/01/17;27,0;18,0
21/01/17;27,1;18,0
22/01/17;27,5;18,1
23/01/17;24,0;18,9
24/01/17;24,6;18,2
25/01/17;28,1;17,3
26/01/17;28,6;18,4
27/01/17;27,9;18,9
28/01/17;26,8;19,2
29/01/17;26,0;17,6
30/01/17;25,9;17,7
31/01/17;26,0;17,0
01/02/17;26,6;16,7
02/02/17;28,5;17,2
03/02/17;28,2;18,6
04/02/17;26,0;18,7
05/02/17;26,4;18,5
06/02/17;26,2;18,5
07/02/17;25,4;18,5
08/02/17;27,6;19,4
09/02/17;27,6;19,4
10/02/17;26,1;18,1
11/02/17;25,4;17,8
12/02/17;24,8;17,6
13/02/17;25,0;18,5
14/02/17;27,3;18,4
15/02/17;27,4;18,6
16/02/17;27,4;19,0
17/02/17;29,0;19,0
18/02/17;28,0;18,9
19/02/17;26,4;17,7
20/02/17;27,0;17,3
21/02/17;26,8;18,0
22/02/17;26,8;18,5
23/02/17;27,1;19,1
24/02/17;28,5;18,5
25/02/17;27,7;19,0
26/02/17;30,0;19,6
27/02/17;29,4;19,0
28/02/17;28,0;19,0
01/03/17;30,2;19,5
02/03/17;28,5;19,4
03/03/17;30,6;19,4
04/03/17;28,9;19,9
05/03/17;29,2;19,4
06/03/17;30,8;19,3
07/03/17;28,6;19,5
08/03/17;27,8;20,0
09/03/17;28,7;19,9
10/03/17;28,9;19,6
11/03/17;29,4;19,6
12/03/17;30,0;20,1
13/03/17;29,2;20,4
14/03/17;29,4;19,6
15/03/17;30,7;20,4
16/03/17;29,4;20,0
17/03/17;28,0;19,1
18/03/17;29,1;18,9
19/03/17;31,0;19,5
20/03/17;30,5;19,0
21/03/17;28,9;19,7
22/03/17;29,6;19,1
23/03/17;30,3;18,0
24/03/17;31,6;17,8
25/03/17;29,4;20,0
26/03/17;27,5;18,8
27/03/17;29,0;18,5
28/03/17;27,6;19,5
29/03/17;26,4;18,8
30/03/17;25,0;18,9
31/03/17;25,9;18,9
01/04/17;27,8;18,5
02/04/17;28,6;18,1
03/04/17;27,9;18,6
04/04/17;27,5;18,5
05/04/17;27,0;19,2
06/04/17;27,8;19,0
07/04/17;28,4;19,9
08/04/17;27,8;18,9
09/04/17;27,1;18,6
10/04/17;25,4;17,9
11/04/17;24,9;17,5
12/04/17;25,8;19,4
13/04/17;28,0;18,5
14/04/17;28,2;17,6
15/04/17;27,0;19,6
16/04/17;25,3;19,1
17/04/17;28,0;18,3
18/04/17;26,1;18,5
19/04/17;28,0;17,9
20/04/17;28,5;17,8
21/04/17;29,4;18,1
22/04/17;27,9;20,0
23/04/17;28,6;18,9
24/04/17;28,0;18,4
25/04/17;29,3;19,1
26/04/17;29,6;19,2
27/04/17;28,8;19,6
28/04/17;27,6;19,5
29/04/17;26,5;18,7
30/04/17;26,9;17,9
01/05/17;25,5;19,0
02/05/17;27,9;18,5
03/05/17;28,1;19,3
04/05/17;28,0;18,5
05/05/17;26,2;18,4
06/05/17;28,0;17,9
07/05/17;28,8;16,9
08/05/17;29,1;18,0
09/05/17;28,4;17,7
10/05/17;29,9;16,6
11/05/17;30,5;18,8
12/05/17;30,9;16,8
13/05/17;29,5;18,6
14/05/17;31,7;18,5
15/05/17;31,5;15,9
16/05/17;30,8;18,0
17/05/17;29,7;19,9
18/05/17;29,8;19,6
19/05/17;30,3;18,5
20/05/17;29,7;18,9
21/05/17;27,4;19,4
22/05/17;27,5;17,9
23/05/17;27,0;18,2
24/05/17;28,6;18,0
25/05/17;29,2;18,5
26/05/17;29,3;18,4
27/05/17;29,4;18,1
28/05/17;28,4;18,0
29/05/17;28,6;17,5
30/05/17;30,5;17,5
31/05/17;31,8;18,1
01/06/17;30,5;17,9
02/06/17;30,0;17,0
03/06/17;28,8;17,6
04/06/17;30,5;16,8
05/06/17;31,8;17,0
06/06/17;30,5;18,5
07/06/17;30,2;17,8
08/06/17;30,6;17,8
09/06/17;31,3;17,6
10/06/17;31,3;17,1
11/06/17;31,7;16,9
12/06/17;31,2;17,0
13/06/17;29,2;16,7
14/06/17;28,2;16,1
15/06/17;27,6;16,2
16/06/17;26,0;15,1
17/06/17;26,9;14,6
18/06/17;28,5;13,9
19/06/17;28,2;14,1
20/06/17;27,5;13,8
21/06/17;27,8;14,7
22/06/17;28,8;14,9
23/06/17;29,5;13,9
24/06/17;31,0;14,1
25/06/17;29,4;15,6
26/06/17;28,3;15,9
27/06/17;27,9;15,4
28/06/17;29,1;15,8
29/06/17;30,1;15,9
30/06/17;30,9;14,9
01/07/17;31,8;15,4
02/07/17;32,2;14,2
03/07/17;31,7;14,2
04/07/17;31,5;13,4
05/07/17;31,5;14,0
06/07/17;32,0;14,4
07/07/17;32,0;13,1
08/07/17;31,8;12,5
09/07/17;31,3;14,2
10/07/17;30,5;14,1
11/07/17;30,6;14,2
12/07/17;31,2;13,1
13/07/17;31,7;13,4
14/07/17;30,7;15,1
15/07/17;28,5;15,9
16/07/17;29,4;16,1
17/07/17;28,1;15,7
18/07/17;29,0;15,1
19/07/17;30,1;16,0
20/07/17;28,2;16,0
21/07/17;26,8;16,1
22/07/17;27,8;15,9
23/07/17;28,9;15,4
24/07/17;27,7;15,9
25/07/17;27,5;15,1
26/07/17;28,4;15,5
27/07/17;26,2;16,0
28/07/17;27,2;15,3
29/07/17;27,8;15,6
30/07/17;27,6;16,0
31/07/17;28,1;16,0
01/08/17;30,1;16,1
02/08/17;30,9;16,1
03/08/17;27,6;15,3
04/08/17;25,6;14,2
05/08/17;26,6;14,0
06/08/17;26,0;13,5
07/08/17;27,1;13,8
08/08/17;27,3;14,4
09/08/17;28,5;13,2
10/08/17;30,4;12,7
11/08/17;30,5;14,5
12/08/17;28,9;13,9
13/08/17;30,4;14,3
14/08/17;30,0;12,9
15/08/17;28,6;14,5
16/08/17;28,2;13,6
17/08/17;28,2;13,9
18/08/17;28,0;13,9
19/08/17;28,6;12,9
20/08/17;28,8;13,9
21/08/17;29,0;13,1
22/08/17;29,0;13,1
23/08/17;28,3;12,6
24/08/17;26,8;12,9
25/08/17;28,1;13,1
26/08/17;27,6;14,5
27/08/17;27,0;14,2
28/08/17;26,6;15,1
29/08/17;30,6;14,9
30/08/17;30,0;16,4
31/08/17;30,0;15,9
01/09/17;29,0;16,0
02/09/17;30,2;15,8
03/09/17;29,9;16,2
04/09/17;29,8;17,1
05/09/17;28,9;17,4
06/09/17;29,1;17,2
07/09/17;28,8;16,8
08/09/17;29,1;16,7
09/09/17;28,8;17,1
10/09/17;29,1;17,0
11/09/17;30,5;17,2
12/09/17;28,6;17,4
13/09/17;28,4;17,2
14/09/17;30,3;17,1
15/09/17;30,8;17,4
16/09/17;29,0;17,8
17/09/17;28,5;17,8
18/09/17;29,6;17,6
19/09/17;29,1;18,3
20/09/17;29,9;18,2
21/09/17;30,4;17,9
22/09/17;29,6;18,0
23/09/17;30,5;17,4
24/09/17;29,3;17,9
25/09/17;31,4;18,2
26/09/17;30,1;18,4
27/09/17;30,0;18,4
28/09/17;30,8;18,6
29/09/17;30,8;18,5
30/09/17;28,5;18,1
01/10/17;29,7;17,2
02/10/17;28,0;18,2
03/10/17;28,1;17,8
04/10/17;30,5;18,4
05/10/17;30,2;17,6
06/10/17;30,5;18,4
07/10/17;30,1;18,4
08/10/17;29,9;17,4
09/10/17;31,5;18,3
10/10/17;27,4;19,0
11/10/17;30,6;18,5
12/10/17;31,6;18,8
13/10/17;30,2;18,7
14/10/17;27,0;18,8
15/10/17;31,5;18,5
16/10/17;30,8;19,4
17/10/17;30,6;18,9
18/10/17;30,3;18,6
19/10/17;31,2;19,2
20/10/17;30,5;18,5
21/10/17;32,5;19,3
22/10/17;26,9;19,2
23/10/17;31,4;18,1
24/10/17;32,5;18,6
25/10/17;29,9;19,5
26/10/17;31,1;19,0
27/10/17;32,7;17,8
28/10/17;31,0;19,7
29/10/17;25,7;19,7
30/10/17;29,7;19,9
31/10/17;27,9;19,6
01/11/17;29,0;18,9
02/11/17;27,1;19,3
03/11/17;29,5;18,4
04/11/17;28,0;19,1
05/11/17;29,2;20,1
06/11/17;24,1;19,7
07/11/17;28,1;19,4
08/11/17;27,8;19,0
09/11/17;29,2;18,9
10/11/17;26,6;19,2
11/11/17;25,5;18,4
12/11/17;26,6;18,8
13/11/17;26,4;18,6
14/11/17;28,4;18,2
15/11/17;25,8;19,1
16/11/17;28,3;18,8
17/11/17;28,3;18,7
18/11/17;29,6;19,2
19/11/17;27,0;19,1
20/11/17;27,8;18,9
21/11/17;26,8;19,1
22/11/17;30,4;18,2
23/11/17;29,8;19,9
24/11/17;30,0;19,6
25/11/17;29,1;19,4
26/11/17;29,9;19,1
27/11/17;27,9;19,5
28/11/17;27,0;19,0
29/11/17;26,5;18,5
30/11/17;26,5;18,4
01/12/17;27,5;18,2
02/12/17;28,0;18,2
03/12/17;28,3;18,4
04/12/17;29,6;18,8
05/12/17;29,1;19,5
06/12/17;29,6;19,1
07/12/17;28,7;19,0
08/12/17;27,8;19,6
09/12/17;30,8;19,2
10/12/17;27,8;20,4
11/12/17;25,3;20,0
12/12/17;23,4;19,4
13/12/17;26,0;19,0
14/12/17;29,1;17,9
15/12/17;28,7;17,9
16/12/17;30,7;18,3
17/12/17;27,3;19,2
18/12/17;28,2;19,9
19/12/17;26,5;19,5
20/12/17;22,8;18,6
21/12/17;28,6;18,0
22/12/17;28,5;18,6
23/12/17;29,2;17,6
24/12/17;27,0;17,8
25/12/17;28,0;17,4
26/12/17;27,5;19,1
27/12/17;29,1;18,1
28/12/17;29,2;19,1
29/12/17;29,7;18,2
30/12/17;30,4;19,5
31/12/17;27,5;18,9
01/01/18;29,0;18,5
02/01/18;29,6;18,5
03/01/18;31,4;18,7
04/01/18;30,5;19,0
05/01/18;29,4;17,0
06/01/18;29,4;18,9
07/01/18;30,7;19,1
08/01/18;27,5;19,5
09/01/18;28,5;19,5
10/01/18;29,4;19,0
11/01/18;29,1;19,7
12/01/18;26,1;19,1
13/01/18;28,6;18,4
14/01/18;28,8;17,0
15/01/18;29,5;17,2
16/01/18;29,7;18,5
17/01/18;30,0;18,2
18/01/18;31,5;18,7
19/01/18;31,1;19,0
20/01/18;31,4;19,8
21/01/18;31,6;18,5
22/01/18;30,8;18,9
23/01/18;32,2;19,4
24/01/18;32,3;18,8
25/01/18;31,5;18,6
26/01/18;30,6;17,4
27/01/18;31,3;17,1
28/01/18;32,3;17,5
29/01/18;32,0;18,6
30/01/18;31,9;18,3
31/01/18;27,9;19,9
01/02/18;31,2;19,0
02/02/18;25,5;19,5
03/02/18;27,9;18,5
04/02/18;28,5;18,9
05/02/18;30,0;18,7
06/02/18;30,0;18,9
07/02/18;30,6;18,0
08/02/18;27,4;19,2
09/02/18;24,7;18,7
10/02/18;26,4;18,3
11/02/18;30,6;18,0
12/02/18;30,5;18,7
13/02/18;27,4;18,0
14/02/18;29,5;18,6
15/02/18;29,5;20,0
16/02/18;28,6;19,8
17/02/18;29,0;18,7
18/02/18;31,2;18,2
19/02/18;30,2;18,1
20/02/18;30,5;20,2
21/02/18;31,0;19,2
22/02/18;30,5;18,3
23/02/18;30,9;17,8
24/02/18;30,0;18,5
25/02/18;29,5;18,7
26/02/18;30,0;18,2
27/02/18;31,3;18,5
28/02/18;31,2;19,6
01/03/18;30,7;18,5
02/03/18;30,2;19,2
03/03/18;30,9;18,5
04/03/18;32,0;19,1
05/03/18;31,1;19,0
06/03/18;30,5;18,9
07/03/18;30,9;18,5
08/03/18;31,6;19,0
09/03/18;32,0;19,5
10/03/18;30,8;19,0
11/03/18;27,9;19,5
12/03/18;29,6;18,5
13/03/18;30,4;18,0
14/03/18;32,0;17,8
15/03/18;31,7;19,7
16/03/18;31,8;20,4
17/03/18;31,0;19,6
18/03/18;31,6;19,6
19/03/18;30,5;20,4
20/03/18;24,8;18,5
21/03/18;28,2;17,7
22/03/18;31,8;18,1
23/03/18;30,2;20,0
24/03/18;30,3;19,8
25/03/18;31,5;19,2
26/03/18;31,2;19,4
27/03/18;30,1;18,9
28/03/18;28,8;17,9
29/03/18;29,8;17,7
30/03/18;30,5;19,4
31/03/18;29,1;20,0
01/04/18;31,6;19,5
02/04/18;31,1;19,0
03/04/18;30,4;20,0
04/04/18;28,3;19,2
05/04/18;29,4;18,5
06/04/18;29,1;18,5
07/04/18;29,5;18,9
08/04/18;29,8;19,2
09/04/18;27,0;19,7
10/04/18;26,2;19,6
11/04/18;29,7;19,5
12/04/18;27,6;18,7
13/04/18;27,7;19,4
14/04/18;28,8;19,0
15/04/18;29,4;18,8
16/04/18;28,8;18,5
17/04/18;29,1;19,2
18/04/18;28,8;19,6
19/04/18;28,5;19,8
20/04/18;27,8;19,5
21/04/18;27,5;19,0
22/04/18;25,5;19,1
23/04/18;28,5;19,0
24/04/18;28,0;18,8
25/04/18;28,2;19,3
26/04/18;27,5;19,2
27/04/18;28,5;18,8
28/04/18;28,0;19,4
29/04/18;27,4;19,8
30/04/18;29,9;18,2
01/05/18;30,4;19,6
02/05/18;31,0;19,6
03/05/18;30,6;20,4
04/05/18;30,5;18,4
05/05/18;29,1;18,4
06/05/18;29,9;17,5
07/05/18;30,2;17,7
08/05/18;29,9;18,5
09/05/18;29,5;18,8
10/05/18;29,5;18,5
11/05/18;28,3;16,8
12/05/18;29,0;16,7
13/05/18;27,8;17,2
14/05/18;27,9;16,6
15/05/18;29,0;16,7
16/05/18;27,9;16,6
17/05/18;29,2;16,9
18/05/18;28,5;18,4
19/05/18;29,5;17,0
20/05/18;28,1;18,0
21/05/18;26,9;17,3
22/05/18;28,0;17,4
23/05/18;27,9;18,4
24/05/18;28,2;17,5
25/05/18;30,4;18,8
26/05/18;28,8;18,5
27/05/18;30,8;18,0
28/05/18;28,2;17,9
29/05/18;29,5;17,9
30/05/18;28,2;17,6
31/05/18;31,1;16,8
01/06/18;32,0;18,4
02/06/18;32,0;17,8
03/06/18;32,2;17,1
04/06/18;31,6;16,4
05/06/18;31,1;15,1
06/06/18;31,0;15,4
07/06/18;31,8;13,2
08/06/18;31,6;15,0
09/06/18;31,9;15,6
10/06/18;32,2;14,1
11/06/18;32,1;14,7
12/06/18;32,4;12,4
13/06/18;32,2;13,6
14/06/18;31,2;16,0
15/06/18;30,6;15,5
16/06/18;29,8;14,8
17/06/18;30,6;16,0
18/06/18;29,9;15,1
19/06/18;28,8;15,2
20/06/18;29,0;14,9
21/06/18;29,1;13,4
22/06/18;31,1;13,1
23/06/18;32,0;13,7
24/06/18;30,6;15,3
25/06/18;30,5;15,1
26/06/18;27,8;14,9
27/06/18;28,4;14,2
28/06/18;29,2;13,6
29/06/18;29,1;13,9
30/06/18;29,0;15,3
01/07/18;30,1;14,5
02/07/18;31,7;14,1
03/07/18;31,8;15,4
04/07/18;30,5;13,4
05/07/18;29,6;14,6
06/07/18;31,4;14,3
07/07/18;31,1;15,2
08/07/18;32,2;13,6
09/07/18;31,4;14,9
10/07/18;32,5;14,6
11/07/18;32,8;15,4
12/07/18;32,2;14,6
13/07/18;30,0;14,0
14/07/18;32,2;14,2
15/07/18;31,4;16,4
16/07/18;32,1;15,1
17/07/18;30,5;15,9
18/07/18;29,0;15,3
19/07/18;29,2;15,9
20/07/18;30,5;16,5
21/07/18;29,5;17,1
22/07/18;29,0;16,7
23/07/18;27,4;15,9
24/07/18;27,3;14,8
25/07/18;27,4;14,4
26/07/18;26,1;14,6
27/07/18;27,0;12,9
28/07/18;28,0;12,1
29/07/18;28,8;11,6
30/07/18;27,3;12,6
31/07/18;31,4;13,8
01/08/18;31,6;13,6
02/08/18;29,8;13,8
03/08/18;31,5;13,9
04/08/18;29,6;14,9
05/08/18;29,0;14,9
06/08/18;29,3;15,4
07/08/18;29,4;15,9
08/08/18;28,8;15,4
09/08/18;29,6;15,3
10/08/18;30,5;15,2
11/08/18;29,4;14,8
12/08/18;28,1;15,1
13/08/18;29,0;13,7
14/08/18;29,0;15,1
15/08/18;31,5;15,2
16/08/18;30,6;15,6
17/08/18;29,1;15,8
18/08/18;28,6;15,6
19/08/18;29,2;15,2
20/08/18;28,5;15,8
21/08/18;28,2;16,2
22/08/18;27,8;16,5
23/08/18;28,6;16,0
24/08/18;29,0;16,1
25/08/18;29,0;16,1
26/08/18;28,3;16,4
27/08/18;28,1;16,4
28/08/18;28,4;16,4
29/08/18;28,5;16,6
30/08/18;27,1;16,5
31/08/18;28,9;15,6
01/09/18;28,0;16,7
02/09/18;28,7;16,5
03/09/18;30,9;16,8
04/09/18;30,1;17,2
05/09/18;29,9;17,4
06/09/18;30,8;17,4
07/09/18;30,3;17,2
08/09/18;29,9;17,5
09/09/18;30,5;17,4
10/09/18;30,0;17,6
11/09/18;30,6;17,6
12/09/18;31,2;17,2
13/09/18;31,4;16,3
14/09/18;30,6;15,4
15/09/18;30,1;15,6
16/09/18;30,6;15,9
17/09/18;32,5;16,2
18/09/18;31,1;17,0
19/09/18;31,3;17,5
20/09/18;30,8;17,5
21/09/18;33,5;17,2
22/09/18;31,6;17,7
23/09/18;29,5;17,6
24/09/18;33,3;18,9
25/09/18;29,4;18,2
26/09/18;30,1;18,1
27/09/18;29,5;18,0
28/09/18;28,4;18,5
29/09/18;27,9;18,1
30/09/18;25,9;18,1
01/10/18;29,9;17,4
02/10/18;30,9;18,0
03/10/18;28,9;18,0
04/10/18;27,8;19,1
05/10/18;30,4;18,9
06/10/18;31,2;18,2
07/10/18;30,1;18,5
08/10/18;32,2;18,4
09/10/18;32,5;18,5
10/10/18;28,5;18,6
11/10/18;30,1;18,6
12/10/18;31,5;18,5
13/10/18;32,6;18,2
14/10/18;30,7;18,0
15/10/18;28,7;18,4
16/10/18;30,0;18,3
17/10/18;29,1;18,2
18/10/18;31,6;17,8
19/10/18;31,2;17,6
20/10/18;31,0;18,1
21/10/18;31,6;17,5
22/10/18;31,9;19,0
23/10/18;31,1;18,9
24/10/18;30,5;18,8
25/10/18;29,6;18,8
26/10/18;30,7;19,5
27/10/18;29,8;19,5
28/10/18;31,4;18,2
29/10/18;31,8;18,7
30/10/18;31,3;19,1
31/10/18;28,5;19,1
01/11/18;30,1;19,7
02/11/18;30,5;19,6
03/11/18;30,8;19,5
04/11/18;28,0;19,0
05/11/18;28,8;19,4
06/11/18;26,5;18,6
07/11/18;27,7;18,5
08/11/18;30,1;19,0
09/11/18;29,8;18,4
10/11/18;29,5;17,8
11/11/18;30,0;17,4
12/11/18;30,4;17,8
13/11/18;29,7;18,4
14/11/18;29,0;19,1
15/11/18;30,2;18,6
16/11/18;28,5;18,8
17/11/18;25,7;18,9
18/11/18;28,4;18,9
19/11/18;28,0;19,0
20/11/18;25,5;18,5
21/11/18;27,8;18,3
22/11/18;28,5;18,4
23/11/18;29,0;17,9
24/11/18;27,9;18,6
25/11/18;30,1;19,4
26/11/18;29,8;19,8
27/11/18;30,2;18,8
28/11/18;29,6;19,8
29/11/18;29,8;19,4
30/11/18;30,4;18,1
01/12/18;30,6;18,2
02/12/18;28,2;18,4
03/12/18;30,2;18,0
04/12/18;31,1;18,6
05/12/18;29,7;19,0
06/12/18;31,6;19,3
07/12/18;30,1;20,0
08/12/18;28,2;20,1
09/12/18;28,5;20,0
10/12/18;29,5;20,2
11/12/18;30,3;20,0
12/12/18;28,6;19,0
13/12/18;27,7;19,0
14/12/18;28,2;19,8
15/12/18;26,1;18,9
16/12/18;28,1;19,0
17/12/18;28,5;19,3
18/12/18;29,0;19,2
19/12/18;29,0;19,0
20/12/18;28,6;18,9
21/12/18;29,1;19,4
22/12/18;26,1;18,5
23/12/18;27,8;18,4
24/12/18;29,2;19,0
25/12/18;27,1;18,5
26/12/18;26,8;18,4
27/12/18;29,8;18,3
28/12/18;30,0;17,4
29/12/18;29,2;19,2
30/12/18;25,5;18,4
31/12/18;28,6;17,8
01/01/19;28,4;18,9
02/01/19;27,2;18,8
03/01/19;24,9;18,6
04/01/19;25,8;18,4
05/01/19;25,5;18,2
06/01/19;26,5;18,9
07/01/19;27,5;18,3
08/01/19;26,9;19,0
09/01/19;26,6;19,1
10/01/19;25,8;18,9
11/01/19;25,2;18,3
12/01/19;25,5;17,8
13/01/19;26,5;18,3
14/01/19;25,4;18,1
15/01/19;24,5;18,1
16/01/19;26,0;18,4
17/01/19;27,0;18,5
18/01/19;26,1;17,7
19/01/19;25,3;18,6
20/01/19;26,9;18,6
21/01/19;27,6;18,0
22/01/19;27,1;17,8
23/01/19;27,6;20,0
24/01/19;25,6;19,5
25/01/19;27,8;19,0
26/01/19;27,9;19,0
27/01/19;27,2;19,6
28/01/19;27,6;18,9
29/01/19;24,8;19,5
30/01/19;31,5;19,5
31/01/19;28,9;20,4
01/02/19;26,2;20,0
02/02/19;28,0;19,9
03/02/19;27,8;19,6
04/02/19;29,1;19,6
05/02/19;28,6;19,9
06/02/19;28,0;19,9
07/02/19;30,0;19,5
08/02/19;27,1;20,4
09/02/19;28,4;19,8
10/02/19;26,9;20,6
11/02/19;28,9;20,3
12/02/19;28,6;19,9
13/02/19;27,0;20,0
14/02/19;27,0;19,8
15/02/19;27,5;18,0
16/02/19;28,9;17,9
17/02/19;29,1;18,2
18/02/19;27,5;19,1
19/02/19;27,5;19,0
20/02/19;27,1;18,5
21/02/19;26,9;18,8
22/02/19;29,0;17,5
23/02/19;30,2;17,1
24/02/19;30,9;15,6
25/02/19;29,6;17,9
26/02/19;30,5;18,8
27/02/19;29,1;18,6
28/02/19;29,1;18,5
01/03/19;28,9;19,4
02/03/19;31,2;19,6
03/03/19;28,9;20,2
04/03/19;29,0;20,5
05/03/19;31,0;19,3
06/03/19;28,2;19,8
07/03/19;29,5;18,4
08/03/19;29,9;18,9
09/03/19;28,2;20,0
10/03/19;30,5;19,0
11/03/19;30,2;19,3
12/03/19;30,0;19,4
13/03/19;31,0;18,9
14/03/19;29,3;20,4
15/03/19;28,0;19,9
16/03/19;31,2;19,9
17/03/19;29,5;20,8
18/03/19;29,8;20,5
19/03/19;30,2;20,0
20/03/19;28,8;19,8
21/03/19;28,7;19,8
22/03/19;29,4;20,6
23/03/19;28,2;20,0
24/03/19;29,8;18,8
25/03/19;30,6;19,9
26/03/19;28,8;20,3
27/03/19;26,5;19,9
28/03/19;27,8;19,0
29/03/19;28,4;19,1
30/03/19;29,2;19,0
31/03/19;28,5;19,2
01/04/19;28,9;19,5
02/04/19;29,1;19,4
03/04/19;28,9;20,2
04/04/19;28,9;20,0
05/04/19;28,9;20,0
06/04/19;29,6;19,7
07/04/19;29,5;19,5
08/04/19;29,2;19,3
09/04/19;27,6;18,1
10/04/19;28,5;19,9
11/04/19;28,6;20,4
12/04/19;28,6;20,2
13/04/19;29,6;18,9
14/04/19;30,1;20,5
15/04/19;28,4;20,2
16/04/19;28,6;20,5
17/04/19;28,6;19,4
18/04/19;29,2;19,1
19/04/19;28,5;20,0
20/04/19;30,8;19,6
21/04/19;30,1;19,5
22/04/19;28,6;20,1
23/04/19;27,6;19,5
24/04/19;26,4;19,6
25/04/19;26,2;20,1
26/04/19;29,4;18,5
27/04/19;28,8;18,5
28/04/19;27,8;20,1
29/04/19;28,0;19,6
30/04/19;30,5;19,0
01/05/19;28,0;19,8
02/05/19;29,0;18,9
03/05/19;28,8;19,3
04/05/19;30,3;19,8
05/05/19;29,1;20,0
06/05/19;28,5;19,2
07/05/19;28,6;19,8
08/05/19;28,2;19,5
09/05/19;27,9;19,5
10/05/19;29,3;19,5
11/05/19;29,2;19,7
12/05/19;29,2;19,2
13/05/19;28,7;19,6
14/05/19;27,4;19,4
15/05/19;26,5;19,0
16/05/19;27,0;18,3
17/05/19;28,2;18,7
18/05/19;26,8;18,5
19/05/19;26,7;18,5
20/05/19;27,3;18,2
21/05/19;29,5;17,5
22/05/19;28,6;18,7
23/05/19;29,2;18,4
24/05/19;30,5;17,7
25/05/19;30,4;16,3
26/05/19;30,9;16,5
27/05/19;29,6;17,5
28/05/19;31,2;17,6
29/05/19;29,9;18,2
30/05/19;28,8;17,0
31/05/19;28,0;17,0
01/06/19;28,2;16,6
02/06/19;27,8;15,6
03/06/19;26,6;15,0
04/06/19;26,5;14,9
05/06/19;25,9;14,1
06/06/19;27,3;14,4
07/06/19;28,8;15,6
08/06/19;30,0;15,1
09/06/19;32,2;14,4
10/06/19;32,8;14,1
11/06/19;33,1;15,1
12/06/19;31,1;16,5
13/06/19;30,6;17,0
14/06/19;32,0;17,0
15/06/19;29,9;17,6
16/06/19;29,6;16,8
17/06/19;29,8;17,5
18/06/19;28,6;16,1
19/06/19;29,5;15,6
20/06/19;28,2;17,2
21/06/19;29,2;15,9
22/06/19;30,0;16,4
23/06/19;31,8;15,8
24/06/19;28,7;17,2
25/06/19;26,8;16,4
26/06/19;26,0;15,4
27/06/19;28,2;13,9
28/06/19;29,5;13,9
29/06/19;27,4;15,2
30/06/19;27,1;15,1
01/07/19;28,0;13,6
02/07/19;29,6;13,9
03/07/19;30,5;13,5
04/07/19;33,2;14,2
05/07/19;30,5;15,7
06/07/19;29,2;15,4
07/07/19;28,9;15,8
08/07/19;28,6;16,5
09/07/19;28,1;16,9
10/07/19;26,0;16,8
11/07/19;26,1;16,7
12/07/19;28,0;16,1
13/07/19;29,2;15,5
14/07/19;30,0;14,4
15/07/19;28,4;15,2
16/07/19;27,3;14,8
17/07/19;26,5;14,2
18/07/19;27,4;12,9
19/07/19;27,4;14,4
20/07/19;27,8;13,8
21/07/19;28,8;14,2
22/07/19;28,3;15,5
23/07/19;29,0;15,4
24/07/19;28,8;15,7
25/07/19;32,2;13,8
26/07/19;32,6;14,1
27/07/19;29,2;15,0
28/07/19;29,0;13,9
29/07/19;29,1;14,9
30/07/19;27,3;14,2
31/07/19;28,3;13,2
01/08/19;27,6;13,7
02/08/19;28,8;12,8
03/08/19;28,3;14,1
04/08/19;27,1;14,0
05/08/19;27,5;13,4
06/08/19;26,8;14,6
07/08/19;26,3;14,2
08/08/19;26,4;13,9
09/08/19;28,3;13,8
10/08/19;27,4;15,1
11/08/19;28,0;15,0
12/08/19;29,0;14,9
13/08/19;30,2;13,9
14/08/19;28,0;14,8
15/08/19;28,0;15,4
16/08/19;26,6;15,4
17/08/19;26,6;14,6
18/08/19;26,9;13,3
19/08/19;27,0;14,2
20/08/19;27,3;14,4
21/08/19;26,9;13,9
22/08/19;28,8;13,0
23/08/19;29,6;15,0
24/08/19;30,4;16,2
25/08/19;30,4;16,0
26/08/19;29,5;15,6
27/08/19;29,9;16,1
28/08/19;28,2;15,8
29/08/19;27,2;15,9
30/08/19;27,1;15,6
31/08/19;27,1;15,6
01/09/19;29,0;15,6
02/09/19;30,2;15,8
03/09/19;28,8;16,0
04/09/19;31,2;16,0
05/09/19;30,0;16,5
06/09/19;29,8;16,9
07/09/19;29,0;16,9
08/09/19;28,1;17,0
09/09/19;29,2;16,7
10/09/19;28,7;16,3
11/09/19;29,8;16,9
12/09/19;28,9;17,0
13/09/19;29,7;16,5
14/09/19;32,0;17,3
15/09/19;31,8;17,1
16/09/19;29,5;17,6
17/09/19;29,3;17,7
18/09/19;29,0;17,9
19/09/19;30,1;17,8
20/09/19;29,1;18,1
21/09/19;32,2;18,6
22/09/19;32,5;19,0
23/09/19;31,7;18,3
24/09/19;28,6;18,9
25/09/19;26,5;18,1
26/09/19;28,5;18,0
27/09/19;30,4;19,2
28/09/19;28,9;18,6
29/09/19;28,5;18,4
30/09/19;29,2;18,9
01/10/19;31,8;18,4
02/10/19;28,9;18,6
03/10/19;28,5;19,2
04/10/19;31,0;18,4
05/10/19;31,4;18,0
06/10/19;28,8;17,6
07/10/19;31,2;17,2
08/10/19;30,1;18,3
09/10/19;30,4;18,8
10/10/19;32,3;18,8
11/10/19;31,2;18,6
12/10/19;30,2;18,1
13/10/19;28,8;18,5
14/10/19;30,9;18,5
15/10/19;29,8;18,8
16/10/19;31,5;18,4
17/10/19;32,0;18,0
18/10/19;34,8;18,9
19/10/19;33,0;18,0
20/10/19;30,8;18,9
21/10/19;31,5;18,0
22/10/19;33,8;17,5
23/10/19;29,5;19,1
24/10/19;29,0;18,9
25/10/19;30,9;19,3
26/10/19;29,8;18,9
27/10/19;31,1;18,5
28/10/19;30,7;18,5
29/10/19;30,2;18,5
30/10/19;27,3;18,6
31/10/19;29,0;19,0
01/11/19;26,0;19,1
02/11/19;28,1;18,9
03/11/19;29,1;19,5
04/11/19;29,5;19,6
05/11/19;28,0;20,7
06/11/19;25,5;19,8
07/11/19;27,6;19,1
08/11/19;25,6;20,0
09/11/19;28,3;19,8
10/11/19;27,0;19,7
11/11/19;30,2;19,0
12/11/19;27,0;19,8
13/11/19;29,1;20,0
14/11/19;28,0;19,2
15/11/19;27,9;18,9
16/11/19;28,5;18,5
17/11/19;28,4;19,0
18/11/19;28,8;19,0
19/11/19;28,5;18,2
20/11/19;29,0;18,8
21/11/19;29,3;18,4
22/11/19;26,1;19,1
23/11/19;24,5;18,5
24/11/19;28,4;17,2
25/11/19;30,0;18,3
26/11/19;27,4;18,1
27/11/19;26,5;17,2
28/11/19;26,2;17,6
29/11/19;27,0;17,6
30/11/19;28,6;18,5
01/12/19;27,5;18,4
02/12/19;25,8;18,1
03/12/19;25,5;18,3
04/12/19;26,6;18,6
05/12/19;26,1;18,6
06/12/19;27,5;18,5
07/12/19;27,4;19,0
08/12/19;27,6;18,7
09/12/19;28,8;19,2
10/12/19;26,8;18,7
11/12/19;27,5;18,0
12/12/19;27,5;18,3
13/12/19;29,2;18,1
14/12/19;29,1;18,0
15/12/19;26,4;18,7
16/12/19;27,6;18,5
17/12/19;26,7;18,8
18/12/19;27,0;18,2
19/12/19;26,8;18,4
20/12/19;27,3;17,8
21/12/19;26,7;18,0
22/12/19;27,0;18,0
23/12/19;27,8;18,5
24/12/19;28,3;18,7
25/12/19;28,5;18,0
26/12/19;28,5;17,3
27/12/19;29,6;17,2
28/12/19;28,4;16,4
29/12/19;27,4;17,2
30/12/19;26,5;18,8
31/12/19;28,9;18,4
01/01/20;28,3;17,0
02/01/20;28,3;16,4
03/01/20;27,8;17,1
04/01/20;28,1;17,2
05/01/20;27,5;18,4
06/01/20;27,8;18,7
07/01/20;26,5;18,8
08/01/20;30,5;17,8
09/01/20;28,2;18,8
10/01/20;28,5;18,6
11/01/20;27,7;18,0
12/01/20;25,8;18,5
13/01/20;27,1;18,5
14/01/20;27,2;18,2
15/01/20;27,2;18,0
16/01/20;28,8;18,4
17/01/20;28,8;18,4
18/01/20;28,8;19,4
19/01/20;28,5;18,6
20/01/20;27,8;17,8
21/01/20;28,5;18,6
22/01/20;28,5;18,5
23/01/20;25,8;18,2
24/01/20;27,1;17,9
25/01/20;26,9;17,7
26/01/20;29,0;16,3
27/01/20;27,7;18,5
28/01/20;25,8;19,3
29/01/20;24,2;18,6
30/01/20;28,6;17,0
31/01/20;27,4;18,2
01/02/20;27,0;19,0
02/02/20;26,6;18,9
03/02/20;27,8;17,5
04/02/20;28,1;18,5
05/02/20;28,5;18,8
06/02/20;28,5;18,6
07/02/20;26,5;19,1
08/02/20;24,2;18,8
09/02/20;27,3;18,6
10/02/20;26,2;18,3
11/02/20;29,1;17,4
12/02/20;28,1;19,0
13/02/20;26,8;18,8
14/02/20;25,4;19,0
15/02/20;27,2;19,1
16/02/20;27,5;18,7
17/02/20;26,9;18,5
18/02/20;27,5;18,5
19/02/20;27,1;18,5
20/02/20;28,5;18,4
21/02/20;28,8;18,1
22/02/20;29,8;18,3
23/02/20;29,8;17,8
24/02/20;29,8;16,4
25/02/20;30,4;18,0
26/02/20;31,0;18,5
27/02/20;27,4;19,4
28/02/20;24,4;19,4
29/02/20;27,6;18,9
01/03/20;27,2;18,9
02/03/20;28,4;19,0
03/03/20;27,9;18,8
04/03/20;26,5;19,0
05/03/20;26,8;18,2
06/03/20;27,9;18,2
07/03/20;27,9;18,7
08/03/20;28,4;18,1
09/03/20;28,9;18,5
10/03/20;28,8;17,9
11/03/20;31,1;18,9
12/03/20;27,3;19,8
13/03/20;28,3;20,0
14/03/20;26,0;19,4
15/03/20;26,6;18,5
16/03/20;28,7;17,2
17/03/20;29,5;17,2
18/03/20;28,1;18,6
19/03/20;28,5;20,2
20/03/20;24,5;19,8
21/03/20;24,8;18,5
22/03/20;28,7;18,7
23/03/20;28,6;19,2
24/03/20;28,8;18,1
25/03/20;28,5;17,8
26/03/20;29,6;17,5
27/03/20;28,1;19,9
28/03/20;28,3;19,2
29/03/20;28,9;18,7
30/03/20;27,6;19,5
31/03/20;27,0;18,5
01/04/20;27,5;18,0
02/04/20;28,6;17,9
03/04/20;29,2;17,1
04/04/20;29,2;16,8
05/04/20;29,0;18,9
06/04/20;29,5;18,4
07/04/20;28,8;18,9
08/04/20;28,1;19,0
09/04/20;29,1;18,1
10/04/20;29,9;18,4
11/04/20;30,2;18,1
12/04/20;27,2;19,0
13/04/20;28,3;18,5
14/04/20;26,6;18,8
15/04/20;27,5;18,8
16/04/20;27,0;19,4
17/04/20;25,9;19,8
18/04/20;26,2;18,9
19/04/20;26,6;17,9
20/04/20;29,6;18,0
21/04/20;29,6;19,2
22/04/20;29,0;18,5
23/04/20;27,9;19,1
24/04/20;28,0;19,1
25/04/20;25,8;18,7
26/04/20;23,5;18,1
27/04/20;27,8;17,8
28/04/20;28,0;18,1
29/04/20;29,0;18,6
30/04/20;29,3;19,1
01/05/20;28,6;19,7
02/05/20;28,2;18,6
03/05/20;28,3;19,0
04/05/20;27,9;20,0
05/05/20;28,1;20,1
06/05/20;28,5;19,0
07/05/20;29,9;19,0
08/05/20;29,4;20,0
09/05/20;29,5;19,3
10/05/20;29,0;19,4
11/05/20;28,4;19,0
12/05/20;29,1;17,7
13/05/20;29,4;19,5
14/05/20;28,8;18,1
15/05/20;29,2;17,4
16/05/20;28,8;19,0
17/05/20;28,9;19,5
18/05/20;27,7;19,0
19/05/20;26,9;18,3
20/05/20;27,5;18,2
21/05/20;27,8;18,8
22/05/20;28,5;18,0
23/05/20;28,6;17,9
24/05/20;31,0;18,5
25/05/20;30,5;18,8
26/05/20;31,5;18,6
27/05/20;32,2;18,6
28/05/20;31,4;17,5
29/05/20;31,5;14,6
30/05/20;32,6;16,7
31/05/20;33,0;16,4
01/06/20;32,9;16,4
02/06/20;32,5;18,6
03/06/20;32,8;18,0
04/06/20;31,0;18,2
05/06/20;28,7;17,7
06/06/20;28,5;16,6
07/06/20;29,4;16,1
08/06/20;30,0;15,8
09/06/20;31,0;16,1
10/06/20;30,5;16,5
11/06/20;29,5;18,2
12/06/20;30,4;17,8
13/06/20;31,2;17,2
14/06/20;32,0;16,8
15/06/20;31,1;18,0
16/06/20;31,4;17,5
17/06/20;29,5;17,8
18/06/20;28,0;15,6
19/06/20;29,9;15,6
20/06/20;27,9;16,5
21/06/20;27,9;15,0
22/06/20;28,9;14,9
23/06/20;31,8;15,4
24/06/20;32,1;16,7
25/06/20;32,2;16,7
26/06/20;32,0;17,8
27/06/20;31,5;18,1
28/06/20;29,7;18,1
29/06/20;28,0;17,9
30/06/20;28,4;16,8
01/07/20;29,2;16,0
02/07/20;29,8;14,7
03/07/20;29,4;15,4
04/07/20;29,0;16,9
05/07/20;27,7;17,2
06/07/20;25,2;16,2
07/07/20;26,7;16,2
08/07/20;26,1;17,0
09/07/20;27,2;16,2
10/07/20;31,3;15,4
11/07/20;28,6;17,5
12/07/20;27,6;16,6
13/07/20;29,7;15,7
14/07/20;30,6;16,1
15/07/20;29,2;16,6
16/07/20;29,1;15,9
17/07/20;29,5;16,0
18/07/20;29,9;17,3
19/07/20;28,8;17,1
20/07/20;29,6;17,5
21/07/20;31,5;16,9
22/07/20;31,8;16,5
23/07/20;30,8;17,1
24/07/20;29,7;17,4
25/07/20;29,4;17,1
26/07/20;28,5;17,0
27/07/20;27,6;16,4
28/07/20;27,2;16,3
29/07/20;28,5;16,2
30/07/20;29,1;16,3
31/07/20;30,9;16,9
01/08/20;30,5;16,6
02/08/20;31,9;16,2
03/08/20;31,4;15,1
04/08/20;32,2;15,1
05/08/20;30,4;16,8
06/08/20;28,2;16,2
07/08/20;28,3;16,5
08/08/20;27,9;16,0
09/08/20;28,1;15,7
10/08/20;29,5;15,9
11/08/20;29,4;15,8
12/08/20;30,7;16,3
13/08/20;26,5;14,9
14/08/20;26,3;14,4
15/08/20;25,0;15,5
16/08/20;27,3;15,1
17/08/20;27,4;14,5
18/08/20;28,8;14,7
19/08/20;29,1;15,9
20/08/20;29,3;15,8
21/08/20;29,0;16,2
22/08/20;30,2;16,5
23/08/20;30,6;17,0
24/08/20;28,3;18,0
25/08/20;29,1;18,0
26/08/20;31,9;17,8
27/08/20;29,2;18,5
28/08/20;27,7;18,3
29/08/20;27,7;18,2
30/08/20;31,2;18,6
31/08/20;31,1;18,6
01/09/20;29,9;18,4
02/09/20;31,0;18,1
03/09/20;31,8;18,0
04/09/20;28,6;18,1
05/09/20;26,7;18,2
06/09/20;28,4;18,0
07/09/20;29,2;18,4
08/09/20;30,5;18,4
09/09/20;31,1;18,0
10/09/20;29,6;18,6
11/09/20;28,6;19,0
12/09/20;29,2;18,8
13/09/20;26,0;18,8
14/09/20;28,9;18,5
15/09/20;29,4;18,6
16/09/20;27,8;18,5
17/09/20;28,6;18,8
18/09/20;28,0;18,7
19/09/20;28,9;18,2
20/09/20;29,5;18,4
21/09/20;29,6;18,4
22/09/20;29,9;19,2
23/09/20;30,6;18,9
24/09/20;26,5;19,0
25/09/20;29,0;18,1
26/09/20;26,4;18,0
27/09/20;28,9;17,5
28/09/20;31,0;19,0
29/09/20;28,9;18,7
30/09/20;29,4;19,4
01/10/20;28,3;19,5
02/10/20;27,4;18,8
03/10/20;27,5;18,5
04/10/20;30,1;19,1
05/10/20;30,5;18,9
06/10/20;30,9;18,9
07/10/20;31,6;19,0
08/10/20;32,3;18,8
09/10/20;29,5;19,4
10/10/20;26,6;19,3
11/10/20;30,6;19,2
12/10/20;30,0;18,9
13/10/20;31,7;18,6
14/10/20;28,8;19,0
15/10/20;28,8;19,4
16/10/20;29,8;19,4
17/10/20;27,4;19,6
18/10/20;28,6;19,4
19/10/20;28,3;19,6
20/10/20;29,1;19,3
21/10/20;30,4;19,3
22/10/20;30,1;19,1
23/10/20;26,4;18,2
24/10/20;28,7;18,1
25/10/20;31,3;19,2
26/10/20;30,5;18,5
27/10/20;30,0;19,0
28/10/20;30,0;18,8
29/10/20;28,4;19,6
30/10/20;28,6;19,2
31/10/20;31,9;19,3
01/11/20;31,0;19,3
02/11/20;29,5;19,7
03/11/20;29,2;19,4
04/11/20;30,6;19,5
05/11/20;29,7;19,3
06/11/20;31,7;19,6
07/11/20;26,4;19,8
08/11/20;23,6;19,6
09/11/20;26,7;19,2
10/11/20;29,0;19,0
11/11/20;26,5;19,2
12/11/20;25,5;19,1
13/11/20;27,4;19,0
14/11/20;29,5;18,0
15/11/20;29,5;16,8
16/11/20;28,4;18,6
17/11/20;24,5;18,4
18/11/20;30,3;16,5
19/11/20;29,5;16,8
20/11/20;31,0;19,0
21/11/20;29,1;18,5
22/11/20;28,9;18,9
23/11/20;28,5;19,4
24/11/20;28,5;19,4
25/11/20;29,0;19,4
26/11/20;28,9;19,7
27/11/20;30,5;19,9
28/11/20;26,8;19,8
29/11/20;27,4;19,7
30/11/20;28,5;19,1
01/12/20;29,8;19,1
02/12/20;29,2;19,1
03/12/20;30,8;18,8
04/12/20;29,8;20,1
05/12/20;29,6;18,9
06/12/20;31,1;18,7
07/12/20;31,7;18,0
08/12/20;29,9;18,4
09/12/20;28,5;19,1
10/12/20;25,5;18,4
11/12/20;29,2;18,2
12/12/20;29,7;18,5
13/12/20;28,9;19,5
14/12/20;29,1;19,5
15/12/20;29,9;18,1
16/12/20;30,5;17,4
17/12/20;31,1;16,7
18/12/20;31,9;17,5
19/12/20;32,1;17,5
20/12/20;30,6;18,8
21/12/20;31,7;18,2
22/12/20;32,2;17,5
23/12/20;31,1;18,9
24/12/20;29,4;19,0
25/12/20;28,6;19,0
26/12/20;28,5;18,4
27/12/20;30,1;18,7
28/12/20;27,5;18,8
29/12/20;27,6;18,1
30/12/20;26,4;18,5
31/12/20;25,1;18,8
01/01/21;25,0;19,0
02/01/21;25,0;18,5
03/01/21;26,8;17,8
04/01/21;26,0;19,1
05/01/21;27,9;18,0
06/01/21;28,2;18,4
07/01/21;27,8;18,0
08/01/21;28,3;17,3
09/01/21;28,0;17,8
10/01/21;27,2;18,4
11/01/21;26,5;18,9
12/01/21;25,6;18,9
13/01/21;27,9;19,0
14/01/21;27,4;17,1
15/01/21;26,6;16,9
16/01/21;26,2;17,3
17/01/21;25,6;18,0
18/01/21;26,6;17,5
19/01/21;27,5;17,0
20/01/21;27,3;17,5
21/01/21;29,4;18,0
22/01/21;28,6;17,4
23/01/21;30,2;17,1
24/01/21;28,1;18,2
25/01/21;29,4;18,0
26/01/21;29,0;18,4
27/01/21;28,8;17,4
28/01/21;27,2;19,1
29/01/21;28,3;18,8
30/01/21;28,9;18,4
31/01/21;29,1;17,9
01/02/21;29,2;17,2
02/02/21;30,6;17,5
03/02/21;30,2;17,5
04/02/21;30,0;17,2
05/02/21;29,8;17,1
06/02/21;29,1;18,1
07/02/21;29,1;18,8
08/02/21;30,3;19,0
09/02/21;30,6;19,0
10/02/21;26,9;19,0
11/02/21;27,5;19,1
12/02/21;30,1;18,9
13/02/21;30,5;19,2
14/02/21;30,6;19,2
15/02/21;29,9;20,5
16/02/21;32,0;20,5
17/02/21;32,1;19,9
18/02/21;30,4;19,5
19/02/21;26,3;20,4
20/02/21;29,2;19,3
21/02/21;29,1;20,0
22/02/21;29,7;19,8
23/02/21;29,6;20,4
24/02/21;29,6;20,9
25/02/21;28,8;19,5
26/02/21;28,8;19,3
27/02/21;29,1;19,6
28/02/21;31,8;19,4
01/03/21;28,9;19,7
02/03/21;27,8;19,5
03/03/21;27,6;18,3
04/03/21;28,0;17,8
05/03/21;30,0;18,6
06/03/21;30,1;19,7
07/03/21;25,5;20,0
08/03/21;28,0;19,3
09/03/21;27,9;18,4
10/03/21;29,1;18,1
11/03/21;24,3;19,2
12/03/21;28,5;18,3
13/03/21;28,0;17,8
14/03/21;29,2;18,2
15/03/21;29,2;17,6
16/03/21;29,0;18,8
17/03/21;28,0;19,6
18/03/21;28,8;19,6
19/03/21;27,5;19,0
20/03/21;27,9;18,8
21/03/21;25,9;18,8
22/03/21;28,9;19,4
23/03/21;24,6;18,8
24/03/21;21,4;19,3
25/03/21;24,2;18,4
26/03/21;27,8;18,2
27/03/21;28,6;18,2
28/03/21;27,3;19,1
29/03/21;27,1;18,0
30/03/21;28,1;17,6
31/03/21;27,5;18,8
01/04/21;26,9;18,6
02/04/21;26,0;18,8
03/04/21;24,8;19,0
04/04/21;29,3;19,3
05/04/21;27,2;18,3
06/04/21;27,4;18,7
07/04/21;29,5;17,7
08/04/21;24,9;19,5
09/04/21;22,9;18,0
10/04/21;23,8;17,6
11/04/21;27,5;18,8
12/04/21;27,3;18,6
13/04/21;25,8;18,2
14/04/21;25,7;18,9
15/04/21;27,5;18,2
16/04/21;28,2;19,3
17/04/21;27,2;18,7
18/04/21;23,7;18,9
19/04/21;24,5;18,0
20/04/21;28,3;19,5
21/04/21;26,9;18,8
22/04/21;25,1;18,1
23/04/21;26,1;18,7
24/04/21;29,9;17,3
25/04/21;29,1;18,9
26/04/21;29,3;19,1
27/04/21;27,9;19,5
28/04/21;28,0;18,5
29/04/21;28,5;19,8
30/04/21;21,4;18,9
01/05/21;28,1;17,2
02/05/21;22,8;19,3
03/05/21;28,7;18,7
04/05/21;24,5;18,4
05/05/21;20,3;18,4
06/05/21;27,2;17,5
07/05/21;24,7;18,6
08/05/21;26,5;18,2
09/05/21;29,0;18,1
10/05/21;29,0;17,2
11/05/21;29,8;17,3
12/05/21;29,6;18,6
13/05/21;29,5;18,6
14/05/21;30,3;17,7
15/05/21;30,7;17,3
16/05/21;31,4;18,3
17/05/21;31,1;18,6
18/05/21;30,7;18,3
19/05/21;31,6;17,9
20/05/21;31,7;18,1
21/05/21;31,1;17,6
22/05/21;30,6;16,4
23/05/21;31,2;18,2
24/05/21;31,1;17,4
25/05/21;31,3;16,9
26/05/21;31,3;17,0
27/05/21;31,8;17,3
28/05/21;31,9;17,9
29/05/21;31,9;18,2
30/05/21;32,7;17,8
31/05/21;32,1;16,9
01/06/21;30,1;16,9
02/06/21;32,5;16,8
03/06/21;32,4;16,8
04/06/21;31,7;16,7
05/06/21;32,4;15,6
06/06/21;31,1;16,7
07/06/21;32,5;17,3
08/06/21;33,1;17,8
09/06/21;33,6;17,8
10/06/21;33,5;18,1
11/06/21;32,8;16,3
12/06/21;33,0;15,7
13/06/21;33,9;15,8
14/06/21;31,6;15,0
15/06/21;31,8;14,7
16/06/21;29,7;14,5
17/06/21;32,0;14,5
18/06/21;33,2;15,8
19/06/21;32,4;15,3
20/06/21;34,1;15,4
21/06/21;32,6;15,2
22/06/21;33,9;14,7
23/06/21;33,9;13,9
24/06/21;33,7;16,1
25/06/21;34,3;15,2
26/06/21;33,3;15,5
27/06/21;34,0;15,9
28/06/21;30,8;13,0
29/06/21;34,9;14,1
30/06/21;33,7;15,4
01/07/21;34,6;14,6
02/07/21;34,6;15,5
03/07/21;32,8;14,3
04/07/21;32,1;12,9
05/07/21;32,5;13,5
06/07/21;31,9;12,9
07/07/21;33,8;14,0
08/07/21;31,9;15,1
09/07/21;34,9;14,0
10/07/21;34,7;14,5
11/07/21;32,6;13,5
12/07/21;30,8;13,9
13/07/21;32,7;12,8
14/07/21;34,3;14,0
15/07/21;34,8;15,1
16/07/21;34,8;14,6
17/07/21;35,6;15,3
18/07/21;32,7;14,7
19/07/21;33,9;14,9
20/07/21;36,5;14,5
21/07/21;34,7;15,2
22/07/21;35,1;13,1
23/07/21;33,5;14,7
24/07/21;34,6;13,6
25/07/21;33,5;15,3
26/07/21;32,4;14,8
27/07/21;32,8;12,9
28/07/21;35,0;14,2
29/07/21;35,5;14,3
30/07/21;35,8;15,3
31/07/21;34,0;15,4
01/08/21;33,0;14,1
02/08/21;33,4;15,0
03/08/21;35,2;15,4
04/08/21;35,3;15,4
05/08/21;34,2;17,6
06/08/21;31,9;14,8
07/08/21;30,6;15,3
08/08/21;33,3;15,4
09/08/21;34,1;15,7
10/08/21;33,6;17,2
11/08/21;32,7;16,8
12/08/21;34,0;15,4
13/08/21;31,3;16,9
14/08/21;33,7;17,4
15/08/21;30,0;18,4
16/08/21;35,8;18,9
17/08/21;32,3;18,8
18/08/21;29,8;19,3
19/08/21;29,6;18,1
20/08/21;32,1;15,1
21/08/21;32,0;16,2
22/08/21;31,8;17,1
23/08/21;27,2;17,5
24/08/21;36,7;18,5
25/08/21;33,0;19,3
26/08/21;28,5;19,7
27/08/21;26,1;19,5
28/08/21;30,7;18,4
29/08/21;32,1;19,9
30/08/21;30,7;19,4
31/08/21;33,1;19,5
01/09/21;32,0;19,6
02/09/21;26,6;18,6
03/09/21;29,6;16,4
04/09/21;32,0;17,9
05/09/21;31,4;18,2
06/09/21;31,3;18,0
07/09/21;32,8;19,0
08/09/21;35,2;19,8
09/09/21;32,6;19,7
10/09/21;30,7;19,8
11/09/21;29,9;19,6
12/09/21;30,2;18,4
13/09/21;31,7;18,7
14/09/21;31,5;19,5
15/09/21;29,6;18,3
16/09/21;28,3;19,1
17/09/21;30,7;18,3
18/09/21;30,8;18,0
19/09/21;32,6;19,3
20/09/21;32,6;20,1
21/09/21;33,6;18,6
22/09/21;31,5;18,5
23/09/21;30,2;18,4
24/09/21;32,9;18,9
25/09/21;32,8;18,4
26/09/21;30,9;18,6
27/09/21;32,6;18,5
28/09/21;33,0;18,4
29/09/21;30,3;19,1
30/09/21;30,8;18,8
01/10/21;29,5;18,4
02/10/21;30,9;18,1
03/10/21;32,5;18,4
04/10/21;27,8;19,3
05/10/21;33,5;19,4
06/10/21;30,6;19,4
07/10/21;29,6;19,5
08/10/21;33,9;19,3
09/10/21;32,3;18,3
10/10/21;27,8;18,8
11/10/21;31,5;19,5
12/10/21;32,8;18,6
13/10/21;32,0;18,4
14/10/21;28,8;18,8
15/10/21;31,0;18,2
16/10/21;31,5;18,0
17/10/21;28,0;18,2
18/10/21;30,9;18,4
19/10/21;25,6;19,6
20/10/21;27,1;19,7
21/10/21;28,7;20,1
22/10/21;28,2;18,8
23/10/21;29,8;19,5
24/10/21;24,7;18,8
25/10/21;28,2;19,2
26/10/21;29,3;19,3
27/10/21;30,4;19,1
28/10/21;29,2;18,9
29/10/21;28,5;18,7
30/10/21;29,6;19,3
31/10/21;28,2;18,2
01/11/21;26,4;18,9
02/11/21;26,4;18,2
03/11/21;28,5;18,7
04/11/21;30,2;18,6
05/11/21;31,3;18,7
06/11/21;29,2;18,6
07/11/21;32,0;18,7
08/11/21;28,8;19,0
09/11/21;29,2;19,0
10/11/21;28,5;18,8
11/11/21;27,9;18,7
12/11/21;26,7;17,3
13/11/21;26,8;18,3
14/11/21;28,4;18,9
15/11/21;25,1;18,8
16/11/21;23,5;18,5
17/11/21;27,2;18,0
18/11/21;23,8;18,2
19/11/21;26,0;18,4
20/11/21;27,8;18,9
21/11/21;27,8;18,9
22/11/21;27,0;18,8
23/11/21;26,8;18,3
24/11/21;24,3;18,5
25/11/21;27,4;18,8
26/11/21;24,4;18,5
27/11/21;27,1;18,5
28/11/21;29,2;18,5
29/11/21;26,5;18,2
30/11/21;24,6;18,4
01/12/21;27,5;18,5
02/12/21;29,2;18,1
03/12/21;25,8;18,2
04/12/21;29,4;18,9
05/12/21;27,2;19,2
06/12/21;28,4;18,3
07/12/21;25,5;18,9
08/12/21;28,1;18,2
09/12/21;29,4;19,0
10/12/21;27,3;18,9
11/12/21;28,0;19,4
12/12/21;25,6;19,4
13/12/21;27,5;19,3
14/12/21;25,2;18,2
15/12/21;24,2;18,6
16/12/21;21,3;18,5
17/12/21;27,8;18,1
18/12/21;28,9;19,1
19/12/21;28,1;18,8
20/12/21;28,9;19,5
21/12/21;25,3;19,1
22/12/21;25,2;18,6
23/12/21;24,4;19,2
24/12/21;27,1;18,7
25/12/21;25,0;18,5
26/12/21;24,4;18,9
27/12/21;19,7;17,7
28/12/21;26,7;17,7
29/12/21;23,8;18,2
30/12/21;28,2;18,8
31/12/21;25,5;18,3
01/01/22;26,9;18,5
02/01/22;22,6;18,7
03/01/22;20,3;18,4
04/01/22;25,9;17,0
05/01/22;26,7;18,2
06/01/22;27,6;18,2
07/01/22;27,7;18,7
08/01/22;26,1;18,9
09/01/22;28,2;18,8
10/01/22;27,8;18,1
11/01/22;24,2;18,4
12/01/22;23,7;18,5
13/01/22;25,9;17,5
14/01/22;25,5;16,9
15/01/22;27,1;17,5
16/01/22;26,8;17,8
17/01/22;27,0;16,5
18/01/22;27,5;15,8
19/01/22;27,5;16,3
20/01/22;28,4;16,8
21/01/22;28,4;16,4
22/01/22;28,8;16,7
23/01/22;29,3;17,1
24/01/22;25,6;18,0
25/01/22;19,9;17,4
26/01/22;27,2;16,7
27/01/22;26,9;18,3
28/01/22;27,7;17,9
29/01/22;27,6;18,5
30/01/22;27,1;18,8
31/01/22;27,2;18,6
01/02/22;28,0;17,6
02/02/22;26,7;17,5
03/02/22;23,7;17,7
04/02/22;26,7;16,2
05/02/22;29,5;17,4
06/02/22;29,3;17,4
07/02/22;28,7;17,6
08/02/22;29,1;16,3
09/02/22;30,0;16,0
10/02/22;30,0;17,5
11/02/22;30,0;18,3
12/02/22;29,2;17,9
13/02/22;26,2;18,1
14/02/22;27,4;17,4
15/02/22;27,5;18,0
16/02/22;26,8;18,7
17/02/22;24,2;18,9
18/02/22;22,7;19,1
19/02/22;27,9;18,5
20/02/22;27,1;18,6
21/02/22;24,7;18,3
22/02/22;28,5;18,0
23/02/22;26,5;18,0
24/02/22;26,7;18,4
25/02/22;28,6;18,1
26/02/22;27,3;18,1
27/02/22;29,5;18,9
28/02/22;26,6;18,0
01/03/22;28,2;18,3
02/03/22;28,0;18,6
03/03/22;28,7;18,3
04/03/22;27,4;19,1
05/03/22;26,5;19,3
06/03/22;27,5;18,9
07/03/22;29,2;18,6
08/03/22;29,6;19,5
09/03/22;27,7;19,3
10/03/22;29,6;18,9
11/03/22;26,4;17,9
12/03/22;25,6;18,5
13/03/22;25,9;18,8
14/03/22;28,3;19,2
15/03/22;25,7;19,0
16/03/22;24,6;18,1
17/03/22;28,9;18,2
18/03/22;29,0;18,7
19/03/22;27,0;18,4
20/03/22;27,0;19,0
21/03/22;26,6;19,0
22/03/22;28,9;17,8
23/03/22;30,0;18,8
24/03/22;30,3;18,5
25/03/22;29,7;18,8
26/03/22;28,4;18,9
27/03/22;21,9;19,1
28/03/22;25,1;18,7
29/03/22;28,6;18,3
30/03/22;29,3;18,6
31/03/22;20,5;18,8
01/04/22;27,9;17,9
02/04/22;24,9;19,3
03/04/22;27,8;18,5
04/04/22;24,2;19,2
05/04/22;29,3;19,2
06/04/22;28,8;18,8
07/04/22;29,0;18,7
08/04/22;23,9;18,1
09/04/22;26,2;18,7
10/04/22;22,1;18,1
11/04/22;29,7;17,5
12/04/22;24,2;19,3
13/04/22;28,5;18,5
14/04/22;24,5;19,0
15/04/22;28,5;19,2
16/04/22;28,6;18,6
17/04/22;30,6;19,1
18/04/22;29,7;19,4
19/04/22;25,6;18,9
20/04/22;29,6;19,2
21/04/22;26,7;18,8
22/04/22;27,9;18,5
23/04/22;26,3;17,8
24/04/22;26,9;18,4
25/04/22;26,2;19,1
26/04/22;27,3;18,7
27/04/22;26,1;19,1
28/04/22;27,0;18,4
29/04/22;25,7;19,2
30/04/22;28,5;19,2
01/05/22;28,9;17,9
02/05/22;28,8;18,8
03/05/22;29,3;19,0
04/05/22;30,2;19,4
05/05/22;30,4;19,3
06/05/22;30,0;19,1
07/05/22;30,8;18,9
08/05/22;31,4;19,3
09/05/22;31,4;19,3
10/05/22;29,7;18,5
11/05/22;29,0;19,0
12/05/22;26,6;19,4
13/05/22;29,2;18,3
14/05/22;30,2;18,1
15/05/22;30,3;18,0
16/05/22;30,1;18,2
17/05/22;31,4;18,2
18/05/22;31,2;17,8
19/05/22;30,0;17,3
20/05/22;28,7;16,8
21/05/22;28,4;17,0
22/05/22;29,4;15,9
23/05/22;30,5;17,4
24/05/22;30,9;16,5
25/05/22;28,5;16,1
26/05/22;30,0;16,4
27/05/22;28,8;16,2
28/05/22;29,1;17,0
29/05/22;31,3;17,3
30/05/22;31,0;17,6
31/05/22;30,9;16,3
01/06/22;30,4;16,0
02/06/22;31,1;17,0
03/06/22;31,6;17,0
04/06/22;30,9;16,2
05/06/22;29,8;16,3
06/06/22;29,7;15,9
07/06/22;31,4;15,4
08/06/22;31,6;15,8
09/06/22;31,6;15,7
10/06/22;31,8;14,6
11/06/22;31,7;15,3
12/06/22;31,7;14,2
13/06/22;31,2;14,5
14/06/22;31,6;15,1
15/06/22;31,7;13,8
16/06/22;32,4;14,1
17/06/22;31,9;12,1
18/06/22;30,4;13,1
19/06/22;29,7;13,2
20/06/22;30,8;14,2
21/06/22;30,5;14,4
22/06/22;30,6;16,7
23/06/22;31,6;16,0
24/06/22;33,6;15,4
25/06/22;32,3;15,6
26/06/22;32,1;16,3
27/06/22;33,1;16,0
28/06/22;32,9;15,6
29/06/22;32,8;15,3
30/06/22;33,7;14,4
01/07/22;34,1;15,2
02/07/22;34,2;13,6
03/07/22;34,0;13,7
04/07/22;33,5;13,0
05/07/22;34,2;14,7
06/07/22;34,4;13,3
07/07/22;33,0;14,6
08/07/22;33,0;15,0
09/07/22;31,8;14,1
10/07/22;32,7;13,7
11/07/22;35,0;13,7
12/07/22;35,2;14,5
13/07/22;33,5;14,0
14/07/22;34,1;14,4
15/07/22;34,2;14,6
16/07/22;35,7;15,0
17/07/22;32,8;15,2
18/07/22;31,9;16,4
19/07/22;31,5;14,7
20/07/22;32,6;14,3
21/07/22;33,2;14,5
22/07/22;32,0;15,2
23/07/22;33,8;16,7
24/07/22;33,1;16,4
25/07/22;33,8;15,6
26/07/22;33,7;13,4
27/07/22;31,1;13,7
28/07/22;30,3;14,0
29/07/22;31,7;13,4
30/07/22;31,1;16,0
31/07/22;31,3;13,6
01/08/22;30,4;13,5
02/08/22;30,7;13,9
03/08/22;32,5;15,8
04/08/22;33,8;15,5
05/08/22;34,4;13,3
06/08/22;35,9;14,3
07/08/22;36,4;14,4
08/08/22;34,5;14,6
09/08/22;35,3;14,6
10/08/22;34,6;14,9
11/08/22;35,9;14,2
12/08/22;28,0;13,5
13/08/22;31,2;13,3
14/08/22;32,0;13,5
15/08/22;33,1;14,2
16/08/22;31,9;15,7
17/08/22;33,4;15,5
18/08/22;33,2;15,4
19/08/22;36,4;14,4
20/08/22;32,1;15,9
21/08/22;32,1;16,9
22/08/22;34,7;15,6
23/08/22;31,7;16,1
24/08/22;26,8;17,2
25/08/22;29,9;18,8
26/08/22;31,4;18,8
27/08/22;28,1;15,9
28/08/22;29,0;18,4
29/08/22;32,5;18,2
30/08/22;33,4;16,2
31/08/22;31,2;17,9
01/09/22;30,2;18,0
02/09/22;28,3;18,1
03/09/22;32,7;19,1
04/09/22;32,0;17,5
05/09/22;32,9;18,5
06/09/22;30,8;18,5
07/09/22;32,1;19,7
08/09/22;32,1;19,0
09/09/22;30,0;19,7
10/09/22;30,6;19,5
11/09/22;32,7;17,2
12/09/22;31,2;19,6
13/09/22;32,8;19,4
14/09/22;30,8;20,7
15/09/22;28,8;19,2
16/09/22;27,4;19,3
17/09/22;24,7;18,9
18/09/22;31,3;17,1
19/09/22;29,4;18,8
20/09/22;22,8;18,4
21/09/22;26,6;18,8
22/09/22;32,3;18,1
23/09/22;33,0;19,2
24/09/22;32,4;18,3
25/09/22;30,7;18,6
26/09/22;28,9;18,8
27/09/22;27,1;19,4
28/09/22;30,6;19,0
29/09/22;31,7;18,8
30/09/22;25,1;18,6
01/10/22;31,5;19,1
02/10/22;29,5;19,4
03/10/22;30,3;19,4
04/10/22;31,6;18,6
05/10/22;31,8;18,2
06/10/22;27,6;18,3
07/10/22;26,7;19,3
08/10/22;28,6;18,6
09/10/22;32,3;18,3
10/10/22;32,4;18,0
11/10/22;28,9;18,3
12/10/22;31,8;19,2
13/10/22;31,6;19,6
14/10/22;27,7;19,5
15/10/22;29,3;18,4
16/10/22;29,4;18,7
17/10/22;29,5;18,3
18/10/22;30,3;18,5
19/10/22;24,9;19,0
20/10/22;30,2;18,7
21/10/22;30,1;20,4
22/10/22;30,5;19,4
23/10/22;28,4;19,2
24/10/22;27,7;19,3
25/10/22;28,8;18,5
26/10/22;31,0;18,7
27/10/22;27,2;19,1
28/10/22;28,5;18,5
29/10/22;22,3;18,6
30/10/22;29,5;17,7
31/10/22;27,4;19,2
01/11/22;28,5;19,2
02/11/22;25,8;19,3
03/11/22;27,4;18,1
04/11/22;21,7;18,3
05/11/22;27,2;18,1
06/11/22;27,7;18,4
07/11/22;26,4;17,8
08/11/22;26,0;18,2
09/11/22;25,6;17,7
10/11/22;24,8;17,6
11/11/22;27,7;17,3
12/11/22;28,0;15,7
13/11/22;28,2;15,5
14/11/22;26,7;15,7
15/11/22;26,8;15,5
16/11/22;24,7;18,2
17/11/22;29,2;18,4
18/11/22;30,4;17,5
19/11/22;29,3;20,1
20/11/22;26,3;20,1
21/11/22;28,3;19,0
22/11/22;28,2;20,2
23/11/22;29,0;20,8
24/11/22;27,6;21,3
25/11/22;24,5;21,0
26/11/22;25,0;20,6
27/11/22;25,9;19,2
28/11/22;26,4;20,0
29/11/22;25,5;20,6
30/11/22;29,6;19,0
01/12/22;27,6;20,8
02/12/22;27,4;19,8
03/12/22;27,3;20,6
04/12/22;28,8;18,9
05/12/22;27,2;19,4
06/12/22;28,4;20,6
07/12/22;27,5;20,7
08/12/22;29,5;19,8
09/12/22;29,3;19,1
10/12/22;25,5;21,2
11/12/22;29,0;20,6
12/12/22;23,6;20,2
13/12/22;26,5;19,2
14/12/22;28,5;18,1
15/12/22;28,8;20,4
16/12/22;29,5;20,2
17/12/22;27,8;19,2
18/12/22;29,1;18,4
19/12/22;28,4;18,1
20/12/22;28,1;18,2
21/12/22;26,3;19,3
22/12/22;27,6;18,4
23/12/22;28,5;18,0
24/12/22;29,3;19,2
25/12/22;27,9;20,7
26/12/22;31,2;18,8
27/12/22;28,5;20,7
28/12/22;28,5;19,8
29/12/22;28,4;20,2
30/12/22;28,6;20,5
31/12/22;25,2;20,8
01/01/23;26,2;20,6
02/01/23;28,5;19,2
03/01/23;27,3;19,5
04/01/23;27,9;20,7
05/01/23;28,4;20,4
06/01/23;28,4;19,8
07/01/23;26,8;20,8
08/01/23;27,5;21,0
09/01/23;28,2;20,9
10/01/23;28,4;19,9
11/01/23;24,8;20,7
12/01/23;26,6;19,8
13/01/23;28,9;18,8
14/01/23;28,2;20,1
15/01/23;26,6;20,6
16/01/23;29,6;19,7
17/01/23;29,2;20,8
18/01/23;28,0;21,0
19/01/23;27,1;20,8
20/01/23;27,2;20,1
21/01/23;27,4;20,4
22/01/23;28,3;20,7
23/01/23;28,4;19,8
24/01/23;30,1;18,7
25/01/23;28,8;19,9
26/01/23;27,1;20,9
27/01/23;29,2;20,7
28/01/23;31,1;19,5
29/01/23;28,4;21,4
30/01/23;30,5;20,7
31/01/23;29,6;19,9
01/02/23;33,1;18,6
02/02/23;31,4;19,4
03/02/23;29,5;20,3
04/02/23;26,7;21,0
05/02/23;29,1;20,9
06/02/23;29,9;20,7
07/02/23;29,5;19,5
08/02/23;31,4;18,1
09/02/23;30,5;18,8
10/02/23;30,8;20,8
11/02/23;31,9;20,4
12/02/23;31,4;20,7
13/02/23;27,8;20,4
14/02/23;28,4;21,2
15/02/23;29,5;21,1
16/02/23;30,3;19,2
17/02/23;29,3;20,2
18/02/23;27,3;21,5
19/02/23;29,4;21,1
20/02/23;29,7;20,8
21/02/23;27,0;20,5
22/02/23;28,7;20,7
23/02/23;28,8;21,1
24/02/23;32,3;19,6
25/02/23;29,1;22,1
26/02/23;29,0;21,6
27/02/23;28,9;21,4
28/02/23;27,7;19,9
01/03/23;30,5;19,5
02/03/23;32,3;19,0
03/03/23;31,4;19,1
04/03/23;32,4;20,2
05/03/23;31,0;21,0
06/03/23;29,9;19,9
07/03/23;30,1;20,3
08/03/23;31,0;19,4
09/03/23;27,2;20,0
10/03/23;28,0;20,1
11/03/23;28,7;21,0
12/03/23;29,7;21,1
13/03/23;28,5;19,7
14/03/23;28,2;21,1
15/03/23;27,6;21,0
16/03/23;26,5;20,4
17/03/23;29,8;19,6
18/03/23;29,7;20,7
19/03/23;28,8;20,7
20/03/23;30,0;20,9
21/03/23;29,7;20,3
22/03/23;28,1;20,9
23/03/23;28,7;19,5
24/03/23;29,3;20,5
25/03/23;28,3;21,2
26/03/23;26,6;21,0
27/03/23;28,6;19,9
28/03/23;31,0;19,7
29/03/23;27,2;21,0
30/03/23;29,5;19,9
31/03/23;28,3;20,3
01/04/23;30,3;21,0
02/04/23;29,3;19,3
03/04/23;27,5;20,4
04/04/23;28,9;20,6
05/04/23;30,8;20,1
06/04/23;27,6;20,8
07/04/23;29,3;20,9
08/04/23;28,3;19,7
09/04/23;28,0;21,3
10/04/23;28,7;21,4
11/04/23;25,7;20,4
12/04/23;28,3;18,9
13/04/23;31,1;19,1
14/04/23;29,3;19,1
15/04/23;29,5;20,2
16/04/23;30,1;19,8
17/04/23;30,3;20,0
18/04/23;32,2;20,9
19/04/23;28,1;20,9
20/04/23;27,1;20,8
21/04/23;28,9;20,9
22/04/23;29,6;20,4
23/04/23;30,1;20,9
24/04/23;30,3;21,4
25/04/23;29,1;21,5
26/04/23;30,5;19,7
27/04/23;31,0;21,5
28/04/23;28,9;20,6
29/04/23;28,6;20,7
30/04/23;30,1;20,4
01/05/23;29,7;20,6
02/05/23;27,9;20,9
03/05/23;28,2;19,6
04/05/23;26,2;21,3
05/05/23;28,5;20,4
06/05/23;29,5;20,4
07/05/23;29,3;20,6
08/05/23;30,3;21,2
09/05/23;31,8;21,0
10/05/23;31,7;20,9
11/05/23;31,2;18,9
12/05/23;30,4;20,7
13/05/23;30,5;22,7
14/05/23;29,9;21,6
15/05/23;29,9;21,6
16/05/23;30,0;20,9
17/05/23;29,1;20,7
18/05/23;30,6;20,3
19/05/23;29,0;21,2
20/05/23;28,1;21,6
21/05/23;27,8;21,6
22/05/23;29,7;21,1
23/05/23;30,9;20,9
24/05/23;29,6;21,2
25/05/23;29,0;20,7
26/05/23;29,0;21,4
27/05/23;27,2;21,6
28/05/23;29,3;20,3
29/05/23;28,0;19,5
30/05/23;28,0;19,9
31/05/23;28,3;20,9
01/06/23;27,5;21,0
02/06/23;29,1;20,9
03/06/23;28,0;20,4
04/06/23;28,3;19,4
05/06/23;29,0;19,1
06/06/23;27,8;19,6
07/06/23;28,7;19,5
08/06/23;26,5;19,6
09/06/23;29,9;19,4
10/06/23;26,8;21,2
11/06/23;28,3;19,6
12/06/23;28,5;20,3
13/06/23;28,4;19,4
14/06/23;28,9;15,9
15/06/23;30,1;18,1
16/06/23;28,8;18,4
17/06/23;30,0;19,1
18/06/23;30,6;18,5
19/06/23;28,7;17,5
20/06/23;28,6;18,4
21/06/23;28,5;17,3
22/06/23;28,7;18,2
23/06/23;28,8;15,4
24/06/23;27,9;16,2
25/06/23;27,2;16,0
26/06/23;28,1;16,9
27/06/23;25,5;17,9
28/06/23;25,7;17,6
29/06/23;26,3;16,5
30/06/23;28,0;17,1
01/07/23;32,4;17,5
02/07/23;32,1;17,7
03/07/23;31,7;15,6
04/07/23;29,0;15,9
05/07/23;30,1;18,7
06/07/23;32,8;16,2
07/07/23;31,0;17,7
08/07/23;29,2;19,0
09/07/23;29,3;16,7
10/07/23;31,2;16,3
11/07/23;32,1;16,1
12/07/23;32,9;14,7
13/07/23;32,8;15,6
14/07/23;31,7;17,1
15/07/23;30,5;15,8
16/07/23;33,5;18,0
17/07/23;32,2;19,0
18/07/23;28,4;19,5
19/07/23;28,1;17,8
20/07/23;27,1;14,9
21/07/23;26,4;15,6
22/07/23;29,7;17,5
23/07/23;29,8;19,6
24/07/23;26,6;18,0
25/07/23;25,7;18,4
26/07/23;26,2;16,7
27/07/23;24,8;17,2
28/07/23;26,7;18,5
29/07/23;25,0;18,4
30/07/23;25,0;17,9
31/07/23;25,3;18,4
01/08/23;26,3;18,2
02/08/23;25,6;17,8
03/08/23;31,1;17,0
04/08/23;32,0;17,9
05/08/23;32,3;18,7
06/08/23;29,4;18,2
07/08/23;27,1;18,2
08/08/23;27,7;17,4
09/08/23;27,2;16,8
10/08/23;28,9;17,4
11/08/23;28,2;18,4
12/08/23;28,1;17,3
13/08/23;29,0;19,5
14/08/23;26,5;19,1
15/08/23;28,4;16,5
16/08/23;26,4;17,1
17/08/23;22,9;17,4
18/08/23;27,7;17,1
19/08/23;25,3;18,6
20/08/23;24,6;18,8
21/08/23;27,2;18,3
22/08/23;28,5;17,6
23/08/23;22,9;19,0
24/08/23;25,0;18,9
25/08/23;27,2;17,0
26/08/23;31,4;17,5
27/08/23;26,2;18,7
28/08/23;30,0;18,6
29/08/23;30,1;19,2
30/08/23;28,0;19,0
31/08/23;29,0;16,8
01/09/23;28,0;18,5
02/09/23;26,0;18,8
03/09/23;25,9;18,4
04/09/23;25,1;18,1
05/09/23;28,6;17,7
06/09/23;29,0;19,6
07/09/23;28,5;19,1
08/09/23;26,4;18,6
09/09/23;27,8;18,0
10/09/23;28,5;18,9
11/09/23;28,1;16,8
12/09/23;25,6;17,4
13/09/23;29,0;17,8
14/09/23;30,5;18,5
15/09/23;28,9;19,6
16/09/23;26,8;18,2
17/09/23;26,4;18,2
18/09/23;30,2;17,8
19/09/23;30,6;19,3
20/09/23;31,9;19,1
21/09/23;28,6;20,7
22/09/23;27,0;19,8
23/09/23;29,5;18,0
24/09/23;29,4;19,7
25/09/23;27,2;19,0
26/09/23;28,9;19,1
27/09/23;30,0;18,7
28/09/23;29,4;18,6
29/09/23;26,5;20,9
30/09/23;27,8;19,4
01/10/23;30,0;19,6
02/10/23;27,8;20,7
03/10/23;28,4;20,4
04/10/23;28,1;22,0
05/10/23;28,5;21,1
06/10/23;27,4;21,0
07/10/23;30,9;20,3
08/10/23;28,0;21,1
09/10/23;28,5;20,6
10/10/23;31,2;19,7
11/10/23;30,9;19,5
12/10/23;30,1;20,5
13/10/23;29,4;21,0
14/10/23;27,8;20,8
15/10/23;29,3;20,7
16/10/23;27,6;21,4
17/10/23;29,6;20,7
18/10/23;28,4;21,3
19/10/23;30,8;18,5
20/10/23;28,4;21,1
21/10/23;27,7;21,6
22/10/23;30,4;20,9
23/10/23;27,1;21,8
24/10/23;28,8;22,0
25/10/23;28,8;21,4
26/10/23;25,9;21,6
27/10/23;32,7;20,3
28/10/23;32,3;19,6
29/10/23;29,1;22,1
30/10/23;28,7;20,5
31/10/23;26,4;21,5
01/11/23;28,0;20,4
02/11/23;27,9;21,7
03/11/23;28,3;21,1
04/11/23;26,5;21,2
05/11/23;28,0;20,2
06/11/23;28,7;20,5
07/11/23;26,5;21,8
08/11/23;29,3;20,7
09/11/23;26,3;21,1
10/11/23;27,2;21,1
11/11/23;27,5;21,5
12/11/23;30,0;21,4
13/11/23;28,8;21,8
14/11/23;27,4;20,9
15/11/23;29,4;21,1
16/11/23;28,8;21,5
17/11/23;27,3;21,7
18/11/23;28,7;20,8
19/11/23;28,5;21,7
20/11/23;27,0;21,7
21/11/23;30,3;19,8
22/11/23;23,9;21,0
23/11/23;27,2;20,2
24/11/23;25,7;21,3
25/11/23;28,8;19,8
26/11/23;27,7;21,3
27/11/23;24,7;21,0
28/11/23;26,0;20,3
29/11/23;26,9;20,5
30/11/23;28,5;19,5
01/12/23;28,3;20,1
02/12/23;27,7;19,3
03/12/23;29,0;18,8
04/12/23;29,2;18,5
05/12/23;31,0;19,9
06/12/23;30,1;19,2
07/12/23;28,4;21,7
08/12/23;28,9;21,0
09/12/23;28,4;21,1
10/12/23;27,1;21,3
11/12/23;27,8;21,4
12/12/23;27,5;21,5
13/12/23;27,8;21,4
14/12/23;27,9;21,5
15/12/23;30,3;20,8
16/12/23;27,3;20,3
17/12/23;27,1;21,5
18/12/23;28,7;20,5
19/12/23;28,9;21,5
20/12/23;27,8;21,8
21/12/23;27,5;21,9
22/12/23;29,8;20,6
23/12/23;31,4;21,5
24/12/23;29,8;21,6
25/12/23;25,7;21,9
26/12/23;26,6;21,3
27/12/23;28,6;20,2
28/12/23;27,6;21,4
29/12/23;27,1;21,7
30/12/23;28,5;21,7
31/12/23;30,5;21,7
01/01/24;30,5;21,7
02/01/24;27,4;21,4
03/01/24;24,2;21,2
04/01/24;28,7;20,0
05/01/24;29,6;20,2
06/01/24;30,2;18,7
07/01/24;30,0;19,0
08/01/24;29,0;18,4
09/01/24;29,9;19,5
10/01/24;29,1;20,4
11/01/24;27,9;21,0
12/01/24;27,4;20,7
13/01/24;30,2;20,7
14/01/24;28,9;20,7
15/01/24;27,2;21,2
16/01/24;27,3;20,3
17/01/24;28,7;18,8
18/01/24;30,4;20,3
19/01/24;30,6;19,9
20/01/24;30,1;19,1
21/01/24;30,3;18,2
22/01/24;30,3;18,3
23/01/24;29,3;19,4
24/01/24;32,2;20,7
25/01/24;31,9;21,0
26/01/24;31,0;21,2
27/01/24;32,2;21,4
28/01/24;27,1;22,2
29/01/24;28,5;21,5
30/01/24;29,4;21,8
31/01/24;27,1;21,8
01/02/24;26,9;20,6
02/02/24;30,4;20,4
03/02/24;31,4;20,2
04/02/24;28,5;22,1
05/02/24;28,8;20,7
06/02/24;27,3;21,7
07/02/24;31,6;19,7
08/02/24;32,4;20,1
09/02/24;31,7;21,3
10/02/24;32,3;20,7
11/02/24;32,2;21,5
12/02/24;31,1;20,3
13/02/24;31,6;20,7
14/02/24;31,3;21,6
15/02/24;30,7;22,1
16/02/24;30,7;22,0
17/02/24;29,6;22,3
18/02/24;31,3;22,3
19/02/24;30,7;21,3
20/02/24;30,1;22,2
21/02/24;31,9;20,8
22/02/24;28,7;21,6
23/02/24;29,8;21,5
24/02/24;27,0;22,4
25/02/24;27,8;21,7
26/02/24;29,0;21,0
27/02/24;29,5;22,0
28/02/24;31,7;20,3
29/02/24;31,5;21,7
01/03/24;28,3;22,1
02/03/24;31,8;21,0
03/03/24;32,5;20,8
04/03/24;29,9;22,6
05/03/24;27,2;21,8
06/03/24;31,1;20,8
07/03/24;29,5;22,2
08/03/24;30,5;21,3
09/03/24;31,1;21,6
10/03/24;28,3;22,3
11/03/24;33,8;21,0
12/03/24;32,0;21,1
13/03/24;32,0;21,1
14/03/24;29,4;22,8
15/03/24;29,4;22,1
16/03/24;33,4;20,1
17/03/24;33,7;20,7
18/03/24;31,1;22,1
19/03/24;32,2;20,7
20/03/24;31,3;21,2
21/03/24;29,8;21,5
22/03/24;25,5;21,9
23/03/24;30,1;21,4
24/03/24;31,6;21,4
25/03/24;29,5;20,9
26/03/24;29,9;21,0
27/03/24;31,2;20,7
28/03/24;31,4;21,2
29/03/24;28,9;21,3
30/03/24;29,4;20,5
31/03/24;30,6;21,8
01/04/24;29,7;20,8
02/04/24;30,8;21,3
03/04/24;30,7;22,1
04/04/24;29,8;22,2
05/04/24;29,2;21,7
06/04/24;29,9;21,0
07/04/24;28,3;21,7
08/04/24;28,0;21,6
09/04/24;28,6;21,2
10/04/24;30,5;20,9
11/04/24;30,9;21,0
12/04/24;27,8;22,4
13/04/24;28,4;21,6
14/04/24;30,2;22,3
15/04/24;31,2;22,6
16/04/24;29,1;21,8
17/04/24;32,2;20,1
18/04/24;30,5;21,2
19/04/24;31,7;19,9
20/04/24;32,2;20,5
21/04/24;32,4;21,5
22/04/24;32,1;22,2
23/04/24;29,2;21,1
24/04/24;28,0;21,4
25/04/24;33,1;20,5
26/04/24;30,9;22,3
27/04/24;32,4;21,5
28/04/24;33,0;19,1
29/04/24;32,8;18,6
30/04/24;33,1;18,2
01/05/24;33,2;20,3
02/05/24;31,9;19,9
03/05/24;33,4;19,3
04/05/24;33,5;22,3
05/05/24;34,3;19,8
06/05/24;34,8;19,3
07/05/24;35,1;19,0
08/05/24;35,8;22,6
09/05/24;31,8;21,6
10/05/24;32,1;23,4
11/05/24;33,9;22,7
12/05/24;32,0;21,5
13/05/24;32,4;22,4
14/05/24;31,5;22,5
15/05/24;32,6;21,1
16/05/24;34,6;21,3
17/05/24;33,9;19,5
18/05/24;34,1;17,4
19/05/24;34,1;17,5
20/05/24;35,2;18,8
21/05/24;34,9;16,7
22/05/24;33,7;17,5
23/05/24;32,7;20,4
24/05/24;31,9;19,5
25/05/24;31,2;21,9
26/05/24;34,1;22,0
27/05/24;33,2;22,2
28/05/24;33,0;21,4
29/05/24;32,4;17,6
30/05/24;30,5;17,8
31/05/24;29,0;19,6
01/06/24;30,0;17,3
02/06/24;27,9;17,9
03/06/24;30,3;18,4
04/06/24;27,9;17,6
05/06/24;27,4;17,8
06/06/24;28,0;18,5
07/06/24;28,4;15,5
08/06/24;28,8;16,3
09/06/24;29,3;19,9
10/06/24;32,5;18,0
11/06/24;31,9;16,4
12/06/24;32,5;15,1
13/06/24;33,2;16,2
14/06/24;32,7;19,4
15/06/24;31,6;18,3
16/06/24;30,7;17,7
17/06/24;30,6;19,1
18/06/24;29,2;19,6
19/06/24;29,6;18,7
20/06/24;29,6;19,4
21/06/24;30,7;19,0
22/06/24;30,2;19,4
23/06/24;32,8;18,9
24/06/24;32,5;19,1
25/06/24;32,4;18,0
26/06/24;32,0;17,3
27/06/24;31,8;17,7
28/06/24;32,4;17,2
29/06/24;29,5;15,9
30/06/24;28,8;19,9
01/07/24;29,3;17,6
02/07/24;28,2;19,6
03/07/24;27,7;18,9
04/07/24;30,0;18,2
05/07/24;29,9;18,6
06/07/24;28,8;16,2
07/07/24;29,2;18,7
08/07/24;27,8;17,5
09/07/24;29,1;18,1
10/07/24;28,1;16,3
11/07/24;28,7;17,1
12/07/24;27,3;16,6
13/07/24;27,8;16,9
14/07/24;27,7;15,4
15/07/24;29,2;18,1
16/07/24;27,9;15,5
17/07/24;25,1;17,3
18/07/24;25,5;17,6
19/07/24;25,8;15,2
20/07/24;27,6;17,6
21/07/24;26,0;15,2
22/07/24;27,5;14,9
23/07/24;27,9;17,8
24/07/24;27,7;17,0
25/07/24;27,7;16,6
26/07/24;26,6;17,1
27/07/24;28,4;16,7
28/07/24;26,0;15,4
29/07/24;24,3;16,1
30/07/24;26,0;14,7
31/07/24;28,1;14,4
01/08/24;25,8;15,3
02/08/24;28,6;15,4
03/08/24;29,4;14,6
04/08/24;23,2;17,5
05/08/24;23,1;17,2
06/08/24;24,2;17,2
07/08/24;26,7;14,9
08/08/24;25,7;17,5
09/08/24;28,3;17,0
10/08/24;29,3;18,1
11/08/24;25,9;18,6
12/08/24;25,9;16,6
13/08/24;26,8;18,6
14/08/24;25,3;16,4
15/08/24;27,8;16,6
16/08/24;28,7;18,6
17/08/24;27,4;17,5
18/08/24;28,5;15,4
19/08/24;28,0;17,2
20/08/24;26,7;18,2
21/08/24;26,4;16,3
22/08/24;29,3;15,9
23/08/24;27,6;18,4
24/08/24;27,3;16,9
25/08/24;30,1;15,2
26/08/24;30,1;19,1
27/08/24;29,0;17,9
28/08/24;28,3;18,4
29/08/24;28,8;19,8
30/08/24;26,1;18,6
31/08/24;26,2;18,4
01/09/24;27,5;19,2
02/09/24;25,1;20,4
03/09/24;29,0;19,2
04/09/24;28,1;19,3
05/09/24;27,6;19,6
06/09/24;27,3;18,5
07/09/24;28,4;19,6
08/09/24;26,8;19,3
09/09/24;29,6;17,9
10/09/24;27,4;18,7
11/09/24;25,7;19,2
12/09/24;27,5;18,3
13/09/24;27,9;18,1
14/09/24;29,2;19,7
15/09/24;31,0;19,0
16/09/24;28,0;20,0
17/09/24;28,2;19,7
18/09/24;28,1;19,2
19/09/24;27,6;17,9
20/09/24;27,8;20,0
21/09/24;30,9;17,3
22/09/24;29,3;19,9
23/09/24;30,8;19,7
24/09/24;30,0;20,2
25/09/24;29,1;18,8
26/09/24;30,5;19,8
27/09/24;26,8;20,4
28/09/24;27,7;19,7
29/09/24;28,0;19,5
30/09/24;28,3;18,9
01/10/24;29,1;18,9
02/10/24;29,4;19,9
03/10/24;29,1;20,8
04/10/24;26,7;21,1
05/10/24;27,9;20,7
06/10/24;27,3;21,5
07/10/24;26,6;20,9
08/10/24;27,0;20,1
09/10/24;27,8;19,7
10/10/24;28,1;20,3
11/10/24;30,7;20,7
12/10/24;30,1;21,5
13/10/24;28,7;21,3
14/10/24;27,3;21,5
15/10/24;28,1;20,0
16/10/24;29,2;21,3
17/10/24;31,2;20,4
18/10/24;28,0;20,9
19/10/24;27,9;20,8
20/10/24;28,7;19,7
21/10/24;28,2;21,3
22/10/24;29,8;20,3
23/10/24;29,3;21,1
24/10/24;28,8;19,4
25/10/24;30,5;21,0
26/10/24;27,0;21,3
27/10/24;29,7;19,9
28/10/24;29,9;21,3
29/10/24;30,4;21,2
30/10/24;29,3;19,8
31/10/24;28,4;19,9
01/11/24;28,5;20,6
02/11/24;29,6;20,8
03/11/24;29,3;21,0
04/11/24;29,6;19,9
05/11/24;25,9;21,6
06/11/24;27,8;21,0
07/11/24;28,5;21,3
08/11/24;26,0;21,1
09/11/24;24,7;21,1
10/11/24;25,2;21,2
11/11/24;26,1;21,0
12/11/24;30,8;20,5
13/11/24;31,9;20,1
14/11/24;27,5;21,6
15/11/24;28,5;20,6
16/11/24;28,0;21,2
17/11/24;26,1;21,5
18/11/24;28,4;21,2
19/11/24;27,6;21,5
20/11/24;28,0;20,6
21/11/24;27,6;21,2
22/11/24;24,8;21,2
23/11/24;28,5;20,6
24/11/24;26,0;21,4
25/11/24;26,9;21,3
26/11/24;26,8;20,7
27/11/24;24,9;20,4
28/11/24;26,7;20,2
29/11/24;28,8;20,6
30/11/24;29,1;20,9
01/12/24;26,6;21,3
02/12/24;28,1;20,6
03/12/24;28,2;21,2
04/12/24;27,4;20,3
05/12/24;27,2;20,3
06/12/24;29,8;20,1
07/12/24;29,6;20,6
08/12/24;28,0;20,8
09/12/24;29,3;19,5
10/12/24;26,6;19,7
11/12/24;28,5;21,1
12/12/24;27,6;20,9
13/12/24;29,0;21,3
14/12/24;31,2;20,0
15/12/24;28,8;21,5
16/12/24;28,4;21,2
17/12/24;28,8;20,9
18/12/24;29,5;21,2
19/12/24;29,6;21,4
20/12/24;28,9;22,1
21/12/24;25,9;21,6
22/12/24;26,6;21,4
23/12/24;28,8;20,4
24/12/24;27,0;21,6
25/12/24;29,9;20,7
26/12/24;29,3;20,1
27/12/24;28,8;21,3
28/12/24;29,6;21,1
29/12/24;30,5;20,0
30/12/24;29,3;21,6
31/12/24;31,4;21,3
31/01/25;28,6;19,0
28/02/25;29,0;19,1
31/03/25;29,7;19,6
30/04/25;28,9;19,4
31/05/25;29,6;18,7
30/06/25;31,0;16,5
31/07/25;30,7;15,6
31/08/25;29,8;16,0
30/09/25;30,7;18,2
31/10/25;30,7;19,2
30/11/25;28,9;19,3
31/12/25;29,0;19,1
31/01/26;28,9;19,0
28/02/26;29,1;19,3
31/03/26;29,7;19,6
30/04/26;29,1;19,4
31/05/26;29,8;18,9
30/06/26;31,0;16,5
31/07/26;30,8;15,5
31/08/26;29,8;16,1
30/09/26;31,1;18,2
31/10/26;30,7;19,3
30/11/26;28,9;19,4
31/12/26;29,0;19,1
31/01/27;29,2;19,1
28/02/27;29,3;19,4
31/03/27;29,7;19,7
30/04/27;29,3;19,5
31/05/27;29,9;19,1
30/06/27;31,0;16,4
31/07/27;30,9;15,5
31/08/27;29,9;16,3
30/09/27;31,5;18,3
31/10/27;30,8;19,4
30/11/27;29,0;19,5
31/12/27;28,9;19,1
31/01/28;29,4;19,1
29/02/28;29,3;19,3
31/03/28;30,2;19,8
30/04/28;29,1;19,6
31/05/28;29,9;18,8
30/06/28;31,5;16,8
31/07/28;31,0;15,9
31/08/28;30,3;16,1
30/09/28;30,8;18,4
31/10/28;31,0;19,4
30/11/28;29,4;19,5
31/12/28;29,5;19,4
31/01/29;29,1;19,3
28/02/29;29,4;19,4
31/03/29;30,2;19,9
30/04/29;29,3;19,7
31/05/29;30,1;19,0
30/06/29;31,5;16,8
31/07/29;31,1;15,9
31/08/29;30,3;16,3
30/09/29;31,2;18,5
31/10/29;31,1;19,5
30/11/29;29,4;19,6
31/12/29;29,5;19,4
31/01/30;29,4;19,3
28/02/30;29,6;19,6
31/03/30;30,2;19,9
30/04/30;29,5;19,7
31/05/30;30,2;19,2
30/06/30;31,5;16,8
31/07/30;31,3;15,9
31/08/30;30,3;16,5
30/09/30;31,6;18,5
31/10/30;31,2;19,6
30/11/30;29,4;19,7
31/12/30;29,4;19,4